mode,seed,unique_events,requests,successful_requests,failed_requests,unique_effects,total_effects,duplicate_effects,total_attempts,mean_latency_ms,p95_latency_ms,backend,failure_model
baseline,42,200,250,230,20,185,230,45,250,0.00827,0.0095,SQLite in-memory,one injected pre-effect transient failure per selected event
idempotent,42,200,250,230,20,185,185,0,250,0.01437,0.0174,SQLite in-memory,one injected pre-effect transient failure per selected event
idempotent_retry,42,200,250,250,0,200,200,0,270,0.00947,0.0111,SQLite in-memory,one injected pre-effect transient failure per selected event
baseline,43,200,250,230,20,185,230,45,250,0.00551,0.0061,SQLite in-memory,one injected pre-effect transient failure per selected event
idempotent,43,200,250,230,20,185,185,0,250,0.00724,0.0093,SQLite in-memory,one injected pre-effect transient failure per selected event
idempotent_retry,43,200,250,250,0,200,200,0,270,0.00862,0.0098,SQLite in-memory,one injected pre-effect transient failure per selected event
baseline,44,200,250,230,20,188,230,42,250,0.0066,0.0107,SQLite in-memory,one injected pre-effect transient failure per selected event
idempotent,44,200,250,230,20,188,188,0,250,0.00684,0.0085,SQLite in-memory,one injected pre-effect transient failure per selected event
idempotent_retry,44,200,250,250,0,200,200,0,270,0.00729,0.0085,SQLite in-memory,one injected pre-effect transient failure per selected event
baseline,45,200,250,230,20,186,230,44,250,0.00458,0.0052,SQLite in-memory,one injected pre-effect transient failure per selected event
idempotent,45,200,250,230,20,186,186,0,250,0.00671,0.0083,SQLite in-memory,one injected pre-effect transient failure per selected event
idempotent_retry,45,200,250,250,0,200,200,0,270,0.00877,0.0145,SQLite in-memory,one injected pre-effect transient failure per selected event
baseline,46,200,250,230,20,185,230,45,250,0.01017,0.0093,SQLite in-memory,one injected pre-effect transient failure per selected event
idempotent,46,200,250,230,20,185,185,0,250,0.01097,0.0141,SQLite in-memory,one injected pre-effect transient failure per selected event
idempotent_retry,46,200,250,250,0,200,200,0,270,0.01224,0.0217,SQLite in-memory,one injected pre-effect transient failure per selected event
