operation,event_id,status,latency_ms
receive_unique,benchmark_d950c6e21b87_0,received,32.81040000001667
receive_unique,benchmark_d950c6e21b87_1,received,7.522200001403689
receive_unique,benchmark_d950c6e21b87_2,received,6.055599998944672
receive_unique,benchmark_d950c6e21b87_3,received,5.718000000342727
receive_unique,benchmark_d950c6e21b87_4,received,5.802399999083718
receive_unique,benchmark_d950c6e21b87_5,received,6.040899999788962
receive_unique,benchmark_d950c6e21b87_6,received,5.486099998961436
receive_unique,benchmark_d950c6e21b87_7,received,5.79479999942123
receive_unique,benchmark_d950c6e21b87_8,received,4.857300000367104
receive_unique,benchmark_d950c6e21b87_9,received,4.976499998520012
receive_unique,benchmark_d950c6e21b87_10,received,5.205100000239327
receive_unique,benchmark_d950c6e21b87_11,received,4.538600000159931
receive_unique,benchmark_d950c6e21b87_12,received,4.134099999646423
receive_unique,benchmark_d950c6e21b87_13,received,4.3615999984467635
receive_unique,benchmark_d950c6e21b87_14,received,4.099399999176967
receive_unique,benchmark_d950c6e21b87_15,received,3.9477999998780433
receive_unique,benchmark_d950c6e21b87_16,received,4.379800000606338
receive_unique,benchmark_d950c6e21b87_17,received,4.446599999937462
receive_unique,benchmark_d950c6e21b87_18,received,4.859099999521277
receive_unique,benchmark_d950c6e21b87_19,received,4.670899999837275
receive_unique,benchmark_d950c6e21b87_20,received,4.4239999988349155
receive_unique,benchmark_d950c6e21b87_21,received,5.447499999718275
receive_unique,benchmark_d950c6e21b87_22,received,4.908200000500074
receive_unique,benchmark_d950c6e21b87_23,received,4.95250000130909
receive_unique,benchmark_d950c6e21b87_24,received,5.296899998938898
receive_unique,benchmark_d950c6e21b87_25,received,4.932599998937803
receive_unique,benchmark_d950c6e21b87_26,received,5.026700000598794
receive_unique,benchmark_d950c6e21b87_27,received,5.112000000735861
receive_unique,benchmark_d950c6e21b87_28,received,4.762700000355835
receive_unique,benchmark_d950c6e21b87_29,received,4.897799999525887
receive_unique,benchmark_d950c6e21b87_30,received,4.83640000129526
receive_unique,benchmark_d950c6e21b87_31,received,5.226900000707246
receive_unique,benchmark_d950c6e21b87_32,received,4.5177000010880874
receive_unique,benchmark_d950c6e21b87_33,received,4.468299999643932
receive_unique,benchmark_d950c6e21b87_34,received,4.825699999855715
receive_unique,benchmark_d950c6e21b87_35,received,4.373699999632663
receive_unique,benchmark_d950c6e21b87_36,received,4.423100001076818
receive_unique,benchmark_d950c6e21b87_37,received,4.399000001285458
receive_unique,benchmark_d950c6e21b87_38,received,4.607700000633486
receive_unique,benchmark_d950c6e21b87_39,received,5.133099999511614
receive_unique,benchmark_d950c6e21b87_40,received,5.220299999564304
receive_unique,benchmark_d950c6e21b87_41,received,6.504299999505747
receive_unique,benchmark_d950c6e21b87_42,received,8.0327000014222
receive_unique,benchmark_d950c6e21b87_43,received,6.789299999581999
receive_unique,benchmark_d950c6e21b87_44,received,6.66810000075202
receive_unique,benchmark_d950c6e21b87_45,received,5.692099999578204
receive_unique,benchmark_d950c6e21b87_46,received,5.852299998878152
receive_unique,benchmark_d950c6e21b87_47,received,5.78499999937776
receive_unique,benchmark_d950c6e21b87_48,received,5.480499999976018
receive_unique,benchmark_d950c6e21b87_49,received,5.864400000064052
receive_unique,benchmark_d950c6e21b87_50,received,5.6488999998691725
receive_unique,benchmark_d950c6e21b87_51,received,5.166999999346444
receive_unique,benchmark_d950c6e21b87_52,received,6.883000000016182
receive_unique,benchmark_d950c6e21b87_53,received,6.520899998577079
receive_unique,benchmark_d950c6e21b87_54,received,7.438700000420795
receive_unique,benchmark_d950c6e21b87_55,received,5.952800000159186
receive_unique,benchmark_d950c6e21b87_56,received,5.297600000631064
receive_unique,benchmark_d950c6e21b87_57,received,6.555199999638717
receive_unique,benchmark_d950c6e21b87_58,received,5.831399999806308
receive_unique,benchmark_d950c6e21b87_59,received,5.8470999993005535
receive_unique,benchmark_d950c6e21b87_60,received,6.7025999996985774
receive_unique,benchmark_d950c6e21b87_61,received,7.3183000004064525
receive_unique,benchmark_d950c6e21b87_62,received,8.818500000415952
receive_unique,benchmark_d950c6e21b87_63,received,6.498999999166699
receive_unique,benchmark_d950c6e21b87_64,received,6.7745999986073
receive_unique,benchmark_d950c6e21b87_65,received,5.921100000705337
receive_unique,benchmark_d950c6e21b87_66,received,5.526599999939208
receive_unique,benchmark_d950c6e21b87_67,received,5.6162000000767875
receive_unique,benchmark_d950c6e21b87_68,received,5.588699999862001
receive_unique,benchmark_d950c6e21b87_69,received,5.468399998790119
receive_unique,benchmark_d950c6e21b87_70,received,5.82369999938237
receive_unique,benchmark_d950c6e21b87_71,received,6.1915999995107995
receive_unique,benchmark_d950c6e21b87_72,received,5.745299999034614
receive_unique,benchmark_d950c6e21b87_73,received,5.935200000749319
receive_unique,benchmark_d950c6e21b87_74,received,6.062799999199342
receive_unique,benchmark_d950c6e21b87_75,received,5.384100000810577
receive_unique,benchmark_d950c6e21b87_76,received,6.214900000486523
receive_unique,benchmark_d950c6e21b87_77,received,5.7736000017030165
receive_unique,benchmark_d950c6e21b87_78,received,5.54060000104073
receive_unique,benchmark_d950c6e21b87_79,received,6.484900000941707
receive_unique,benchmark_d950c6e21b87_80,received,5.96870000117633
receive_unique,benchmark_d950c6e21b87_81,received,5.613500001345528
receive_unique,benchmark_d950c6e21b87_82,received,5.7875000002240995
receive_unique,benchmark_d950c6e21b87_83,received,5.724200000258861
receive_unique,benchmark_d950c6e21b87_84,received,4.778299999088631
receive_unique,benchmark_d950c6e21b87_85,received,6.248600000617444
receive_unique,benchmark_d950c6e21b87_86,received,5.863599999429425
receive_unique,benchmark_d950c6e21b87_87,received,5.242600000201492
receive_unique,benchmark_d950c6e21b87_88,received,6.052299999282695
receive_unique,benchmark_d950c6e21b87_89,received,5.160099999557133
receive_unique,benchmark_d950c6e21b87_90,received,5.212699999901815
receive_unique,benchmark_d950c6e21b87_91,received,5.538999999771477
receive_unique,benchmark_d950c6e21b87_92,received,5.345800000213785
receive_unique,benchmark_d950c6e21b87_93,received,5.020000000513392
receive_unique,benchmark_d950c6e21b87_94,received,6.262299999434617
receive_unique,benchmark_d950c6e21b87_95,received,5.350400000679656
receive_unique,benchmark_d950c6e21b87_96,received,5.3544000002148096
receive_unique,benchmark_d950c6e21b87_97,received,6.361899999319576
receive_unique,benchmark_d950c6e21b87_98,received,5.538600000363658
receive_unique,benchmark_d950c6e21b87_99,received,5.566800000451622
receive_duplicate,benchmark_d950c6e21b87_0,duplicate,4.601499998898362
receive_duplicate,benchmark_d950c6e21b87_1,duplicate,4.652499999792781
receive_duplicate,benchmark_d950c6e21b87_2,duplicate,4.1858000004140195
receive_duplicate,benchmark_d950c6e21b87_3,duplicate,4.496699999435805
receive_duplicate,benchmark_d950c6e21b87_4,duplicate,4.693000000770553
receive_duplicate,benchmark_d950c6e21b87_5,duplicate,4.447999999683816
receive_duplicate,benchmark_d950c6e21b87_6,duplicate,3.802400000495254
receive_duplicate,benchmark_d950c6e21b87_7,duplicate,5.681900000126916
receive_duplicate,benchmark_d950c6e21b87_8,duplicate,5.048500001066714
receive_duplicate,benchmark_d950c6e21b87_9,duplicate,3.8251000005402602
receive_duplicate,benchmark_d950c6e21b87_10,duplicate,4.754999999931897
receive_duplicate,benchmark_d950c6e21b87_11,duplicate,4.607499999110587
receive_duplicate,benchmark_d950c6e21b87_12,duplicate,3.709799999342067
receive_duplicate,benchmark_d950c6e21b87_13,duplicate,4.194899998765322
receive_duplicate,benchmark_d950c6e21b87_14,duplicate,6.669299998975475
receive_duplicate,benchmark_d950c6e21b87_15,duplicate,4.625800000212621
receive_duplicate,benchmark_d950c6e21b87_16,duplicate,4.749699999592849
receive_duplicate,benchmark_d950c6e21b87_17,duplicate,4.5964000000822125
receive_duplicate,benchmark_d950c6e21b87_18,duplicate,5.959899999652407
receive_duplicate,benchmark_d950c6e21b87_19,duplicate,6.14530000166269
process,benchmark_d950c6e21b87_0,processed,18.353600000409642
process,benchmark_d950c6e21b87_1,processed,8.948700000473764
process,benchmark_d950c6e21b87_2,processed,7.794600000124774
process,benchmark_d950c6e21b87_3,processed,8.128999999826192
process,benchmark_d950c6e21b87_4,processed,7.521600000472972
process,benchmark_d950c6e21b87_5,processed,9.190999999191263
process,benchmark_d950c6e21b87_6,processed,7.975599999554106
process,benchmark_d950c6e21b87_7,processed,8.759599999393686
process,benchmark_d950c6e21b87_8,processed,8.863099999871338
process,benchmark_d950c6e21b87_9,processed,9.62719999915862
process,benchmark_d950c6e21b87_10,processed,8.850700000039069
process,benchmark_d950c6e21b87_11,processed,9.01479999993171
process,benchmark_d950c6e21b87_12,processed,8.478800000375486
process,benchmark_d950c6e21b87_13,processed,8.835100001306273
process,benchmark_d950c6e21b87_14,processed,8.208999999624211
process,benchmark_d950c6e21b87_15,processed,8.558199999242788
process,benchmark_d950c6e21b87_16,processed,8.950499999627937
process,benchmark_d950c6e21b87_17,processed,8.473500000036438
process,benchmark_d950c6e21b87_18,processed,9.105999999519554
process,benchmark_d950c6e21b87_19,processed,8.558300000004238
process,benchmark_d950c6e21b87_20,processed,8.727700000235927
process,benchmark_d950c6e21b87_21,processed,10.329500000807457
process,benchmark_d950c6e21b87_22,processed,8.087600001090323
process,benchmark_d950c6e21b87_23,processed,7.658700000320096
process,benchmark_d950c6e21b87_24,processed,9.503999999651569
process,benchmark_d950c6e21b87_25,processed,9.469100001297193
process,benchmark_d950c6e21b87_26,processed,9.020100000270759
process,benchmark_d950c6e21b87_27,processed,7.622799999808194
process,benchmark_d950c6e21b87_28,processed,6.408400000509573
process,benchmark_d950c6e21b87_29,processed,6.1891999994259095
process,benchmark_d950c6e21b87_30,processed,7.511399999202695
process,benchmark_d950c6e21b87_31,processed,7.451499999660882
process,benchmark_d950c6e21b87_32,processed,8.539099999325117
process,benchmark_d950c6e21b87_33,processed,9.978800000681076
process,benchmark_d950c6e21b87_34,processed,7.844600000680657
process,benchmark_d950c6e21b87_35,processed,7.270099999004742
process,benchmark_d950c6e21b87_36,processed,6.987099999605562
process,benchmark_d950c6e21b87_37,processed,7.313599999179132
process,benchmark_d950c6e21b87_38,processed,6.5651000004436355
process,benchmark_d950c6e21b87_39,processed,7.554699999673176
process,benchmark_d950c6e21b87_40,processed,6.943100001080893
process,benchmark_d950c6e21b87_41,processed,7.639499999640975
process,benchmark_d950c6e21b87_42,processed,7.759099999020691
process,benchmark_d950c6e21b87_43,processed,7.395800001177122
process,benchmark_d950c6e21b87_44,processed,7.6057999995100545
process,benchmark_d950c6e21b87_45,processed,7.114000000001397
process,benchmark_d950c6e21b87_46,processed,7.432399999743211
process,benchmark_d950c6e21b87_47,processed,6.66569999884814
process,benchmark_d950c6e21b87_48,processed,7.687599998462247
process,benchmark_d950c6e21b87_49,processed,10.557400000834605
process,benchmark_d950c6e21b87_50,processed,9.749700000611483
process,benchmark_d950c6e21b87_51,processed,10.532399999647168
process,benchmark_d950c6e21b87_52,processed,7.003799999438343
process,benchmark_d950c6e21b87_53,processed,7.70609999926819
process,benchmark_d950c6e21b87_54,processed,7.562599999801023
process,benchmark_d950c6e21b87_55,processed,7.856300000639749
process,benchmark_d950c6e21b87_56,processed,7.132800001272699
process,benchmark_d950c6e21b87_57,processed,6.853400000181864
process,benchmark_d950c6e21b87_58,processed,7.8092999992804835
process,benchmark_d950c6e21b87_59,processed,6.955299999390263
process,benchmark_d950c6e21b87_60,processed,7.593600001200684
process,benchmark_d950c6e21b87_61,processed,7.306000001335633
process,benchmark_d950c6e21b87_62,processed,7.86080000034417
process,benchmark_d950c6e21b87_63,processed,7.758800000374322
process,benchmark_d950c6e21b87_64,processed,7.8218999988166615
process,benchmark_d950c6e21b87_65,processed,7.05270000071323
process,benchmark_d950c6e21b87_66,processed,6.343400000332622
process,benchmark_d950c6e21b87_67,processed,6.887999999889871
process,benchmark_d950c6e21b87_68,processed,6.181299999298062
process,benchmark_d950c6e21b87_69,processed,6.635999998252373
process,benchmark_d950c6e21b87_70,processed,6.2850999984220834
process,benchmark_d950c6e21b87_71,processed,6.5936999999394175
process,benchmark_d950c6e21b87_72,processed,6.673300000329618
process,benchmark_d950c6e21b87_73,processed,6.1944000008224975
process,benchmark_d950c6e21b87_74,processed,6.514899998364854
process,benchmark_d950c6e21b87_75,processed,6.380700000590878
process,benchmark_d950c6e21b87_76,processed,6.071499999961816
process,benchmark_d950c6e21b87_77,processed,6.673300000329618
process,benchmark_d950c6e21b87_78,processed,11.811399999714922
process,benchmark_d950c6e21b87_79,processed,8.589999999458087
process,benchmark_d950c6e21b87_80,processed,6.544500000018161
process,benchmark_d950c6e21b87_81,processed,7.001100000707083
process,benchmark_d950c6e21b87_82,processed,9.736399999383138
process,benchmark_d950c6e21b87_83,processed,10.279900001478381
process,benchmark_d950c6e21b87_84,processed,9.893500000544009
process,benchmark_d950c6e21b87_85,processed,10.028200000306242
process,benchmark_d950c6e21b87_86,processed,10.884299999815994
process,benchmark_d950c6e21b87_87,processed,9.571200000209501
process,benchmark_d950c6e21b87_88,processed,10.001099999499274
process,benchmark_d950c6e21b87_89,processed,11.385100000552484
process,benchmark_d950c6e21b87_90,processed,25.706399999762652
process,benchmark_d950c6e21b87_91,processed,27.84310000060941
process,benchmark_d950c6e21b87_92,processed,19.21310000034282
process,benchmark_d950c6e21b87_93,processed,17.759400001523318
process,benchmark_d950c6e21b87_94,processed,25.03449999858276
process,benchmark_d950c6e21b87_95,processed,14.18069999999716
process,benchmark_d950c6e21b87_96,processed,14.119299999947543
process,benchmark_d950c6e21b87_97,processed,15.278600001693121
process,benchmark_d950c6e21b87_98,processed,14.496199999484816
process,benchmark_d950c6e21b87_99,processed,13.600500000393367
