repetition,mode,event_id,latency_ms
1,locked,benchmark_locked_1_0_86ccbaa85383,6.3849999987724
1,locked,benchmark_locked_1_1_8ba71a642179,3.0863000010867836
1,locked,benchmark_locked_1_2_181954e125b1,3.5811000016110484
1,locked,benchmark_locked_1_3_05f8234f919e,2.4573999999120133
1,locked,benchmark_locked_1_4_69e10bac0458,2.6044000005640555
1,locked,benchmark_locked_1_5_f725dbbc66c3,2.5793000004341593
1,locked,benchmark_locked_1_6_c5bafea52471,1.9936999997298699
1,locked,benchmark_locked_1_7_0ca51bb5f81f,3.429399999731686
1,locked,benchmark_locked_1_8_2d5c448a59a3,2.8609000000869855
1,locked,benchmark_locked_1_9_628c6b9ded83,3.6141000000498025
1,locked,benchmark_locked_1_10_a7c39370fd2b,2.69520000074408
1,locked,benchmark_locked_1_11_bde16d8e0ba1,1.8790000012813834
1,locked,benchmark_locked_1_12_53abe8ce79af,2.0610999999917112
1,locked,benchmark_locked_1_13_4d57af5f6201,1.8951000001834473
1,locked,benchmark_locked_1_14_9d927a4a6d50,2.0718000014312565
1,locked,benchmark_locked_1_15_3312a4be5292,1.9890000003215391
1,locked,benchmark_locked_1_16_d7d589a09deb,1.7479999987699557
1,locked,benchmark_locked_1_17_b40bf9a1a52d,1.8073999999614898
1,locked,benchmark_locked_1_18_098ed71d2032,2.303899998878478
1,locked,benchmark_locked_1_19_61613f498d68,2.6185000006080372
1,locked,benchmark_locked_1_20_f7d027f087eb,2.235399999335641
1,locked,benchmark_locked_1_21_0bee6f73ee7c,2.2778000002290355
1,locked,benchmark_locked_1_22_912bbf0172a6,2.249699999083532
1,locked,benchmark_locked_1_23_d99440246117,2.2408999993785983
1,locked,benchmark_locked_1_24_55e979d775f5,2.250800000183517
1,locked,benchmark_locked_1_25_06e818334984,2.326899999388843
1,locked,benchmark_locked_1_26_fbd43d725457,2.191700001276331
1,locked,benchmark_locked_1_27_cfcdd0162f7d,2.2734000012860633
1,locked,benchmark_locked_1_28_dfef300719db,1.8058999994536862
1,locked,benchmark_locked_1_29_1a19ae43f062,1.7975000009755604
1,locked,benchmark_locked_1_30_688e8ed8689c,1.9214999992982484
1,locked,benchmark_locked_1_31_d10fdd571560,2.0658000012190314
1,locked,benchmark_locked_1_32_7a6b650e2e7c,1.958099999683327
1,locked,benchmark_locked_1_33_bec5fbe2a773,1.8602000000100816
1,locked,benchmark_locked_1_34_b16407c982e9,1.9709999996848637
1,locked,benchmark_locked_1_35_d8390bb14445,1.7319999988103518
1,locked,benchmark_locked_1_36_d9f8fd7d8fab,2.184099999794853
1,locked,benchmark_locked_1_37_3a1a39d97c22,1.9090999994659796
1,locked,benchmark_locked_1_38_66d89d86dd7c,1.880199999504839
1,locked,benchmark_locked_1_39_9d6f0c292a3c,2.609499999380205
1,locked,benchmark_locked_1_40_59ebbfb3edae,1.8754000011540484
1,locked,benchmark_locked_1_41_174f78fa7707,1.7721999993227655
1,locked,benchmark_locked_1_42_c3d670a3d6ad,2.138300000297022
1,locked,benchmark_locked_1_43_00763e31df7e,1.8564000001788372
1,locked,benchmark_locked_1_44_409f697c0d5c,1.8588999992061872
1,locked,benchmark_locked_1_45_ec994ec6e574,1.7957000000023982
1,locked,benchmark_locked_1_46_d7e88dec527b,1.9714000009116717
1,locked,benchmark_locked_1_47_fed92393dee2,1.777800000127172
1,locked,benchmark_locked_1_48_27c3166830fa,1.7903999996633502
1,locked,benchmark_locked_1_49_cfabc3c6c121,1.866399999926216
1,locked,benchmark_locked_1_50_6cdab6576074,1.8959999997605337
1,locked,benchmark_locked_1_51_f2eed4d5b58c,1.7936999993253266
1,locked,benchmark_locked_1_52_772e4f81a22a,2.1856000003026566
1,locked,benchmark_locked_1_53_311816bf9b02,2.073999999993248
1,locked,benchmark_locked_1_54_15ce47348464,1.8915999989985721
1,locked,benchmark_locked_1_55_2d532cb288b5,1.7781999995349906
1,locked,benchmark_locked_1_56_79fa326e2a6f,1.872900000307709
1,locked,benchmark_locked_1_57_bdebfc3118b6,1.7376000014337478
1,locked,benchmark_locked_1_58_447e5a1b56c8,1.7219000001205131
1,locked,benchmark_locked_1_59_7feabe36e460,1.7133000001194887
1,locked,benchmark_locked_1_60_c893a29862ac,1.6692999997758307
1,locked,benchmark_locked_1_61_e56bba6673fa,1.6567000002396526
1,locked,benchmark_locked_1_62_79697455d144,1.7232000009244075
1,locked,benchmark_locked_1_63_4f8297d3592e,1.8309000006411225
1,locked,benchmark_locked_1_64_2be69e9dea74,1.7600999999558553
1,locked,benchmark_locked_1_65_b41f90389c48,2.03729999884672
1,locked,benchmark_locked_1_66_97a3ac95ca83,1.6238000007433584
1,locked,benchmark_locked_1_67_71ca74cfba0d,2.114199998686672
1,locked,benchmark_locked_1_68_dbef6afa1a7f,2.0898999991914025
1,locked,benchmark_locked_1_69_0f14e763db36,2.6913000001513865
1,locked,benchmark_locked_1_70_344c3abfd258,1.9697000006999588
1,locked,benchmark_locked_1_71_f6abf625228d,1.8579999996291008
1,locked,benchmark_locked_1_72_3557badb9259,2.5891999994200887
1,locked,benchmark_locked_1_73_2150728c3a17,1.9370000009075738
1,locked,benchmark_locked_1_74_289dde71cc80,1.9848000010824762
1,locked,benchmark_locked_1_75_cdc5702018fc,1.9548000000213506
1,locked,benchmark_locked_1_76_d076035b83e6,1.7590000006748596
1,locked,benchmark_locked_1_77_d0f324bf21eb,1.519099998404272
1,locked,benchmark_locked_1_78_f65f19cf5241,2.2294999998848652
1,locked,benchmark_locked_1_79_371bebb2ea3f,2.1372999999584863
1,locked,benchmark_locked_1_80_4ac37fed8363,1.5241000000969507
1,locked,benchmark_locked_1_81_b9f06cfbb2e7,1.4265999998315237
1,locked,benchmark_locked_1_82_cce3188043d9,2.220300000772113
1,locked,benchmark_locked_1_83_35b9ac446e33,1.631400000405847
1,locked,benchmark_locked_1_84_a8a4068ac6d6,1.5751999999338295
1,locked,benchmark_locked_1_85_dcced1438990,1.944300000104704
1,locked,benchmark_locked_1_86_8da6043818e4,1.4441000002989313
1,locked,benchmark_locked_1_87_88445bdc92b4,1.5996000001905486
1,locked,benchmark_locked_1_88_7ea1a67250a8,2.347899999222136
1,locked,benchmark_locked_1_89_565097272021,1.4477999993687263
1,locked,benchmark_locked_1_90_f3a5e55ba984,1.8600999992486322
1,locked,benchmark_locked_1_91_2e036cf02133,2.0275999995647
1,locked,benchmark_locked_1_92_f9c834cc7a58,1.452399999834597
1,locked,benchmark_locked_1_93_530e04d70af5,1.60169999981008
1,locked,benchmark_locked_1_94_71a67afa1259,2.361800001381198
1,locked,benchmark_locked_1_95_0ebe38e85a1d,1.461899999412708
1,locked,benchmark_locked_1_96_9d046fd7be56,1.6597999983787304
1,locked,benchmark_locked_1_97_68df08258072,2.1833999999216758
1,locked,benchmark_locked_1_98_7681a532208b,1.9807000007858733
1,locked,benchmark_locked_1_99_ab4c9936b3a4,2.608900000268477
1,no_lock,benchmark_no_lock_1_0_4a32ba3fbae4,2.9150999998819316
1,no_lock,benchmark_no_lock_1_1_6d803a0af1e1,2.9429000005620765
1,no_lock,benchmark_no_lock_1_2_3d26ee489504,3.1555999994452577
1,no_lock,benchmark_no_lock_1_3_2d539c0b2681,3.4571999985928414
1,no_lock,benchmark_no_lock_1_4_8ef09e1b063c,2.744300001722877
1,no_lock,benchmark_no_lock_1_5_7f8a1f1ea9eb,4.154700000071898
1,no_lock,benchmark_no_lock_1_6_a0d2a7761fa2,4.9550999992789
1,no_lock,benchmark_no_lock_1_7_0f1cc75202cc,3.785700000662473
1,no_lock,benchmark_no_lock_1_8_0788ad24df36,3.4694999994826503
1,no_lock,benchmark_no_lock_1_9_8bc1a7387a34,2.84779999856255
1,no_lock,benchmark_no_lock_1_10_ec583e2bb997,3.4826999999495456
1,no_lock,benchmark_no_lock_1_11_4df61ad319e4,3.1661000011808937
1,no_lock,benchmark_no_lock_1_12_6c7cf22e0284,2.6073000008182134
1,no_lock,benchmark_no_lock_1_13_ac858bb67ed1,3.744699999515433
1,no_lock,benchmark_no_lock_1_14_b4a0840bc560,2.9888999997638166
1,no_lock,benchmark_no_lock_1_15_f16036bcaf21,2.157300001272233
1,no_lock,benchmark_no_lock_1_16_e1b1cf3954cb,2.6151000001846114
1,no_lock,benchmark_no_lock_1_17_35fb1f00d8b0,2.62029999976221
1,no_lock,benchmark_no_lock_1_18_db17c4001404,2.5341000000480562
1,no_lock,benchmark_no_lock_1_19_e81ddffdbb8d,3.8128000014694408
1,no_lock,benchmark_no_lock_1_20_ae35234fbcdd,2.2301000008155825
1,no_lock,benchmark_no_lock_1_21_260222205ef0,2.2154999987833435
1,no_lock,benchmark_no_lock_1_22_09096a38b5f7,3.0915000006643822
1,no_lock,benchmark_no_lock_1_23_698c1837d21a,2.5483999997959472
1,no_lock,benchmark_no_lock_1_24_552b6e832458,2.6622999994287966
1,no_lock,benchmark_no_lock_1_25_d89f961add03,3.4084999988408526
1,no_lock,benchmark_no_lock_1_26_fe1194326a7f,2.5771999989956385
1,no_lock,benchmark_no_lock_1_27_c8487c39b6aa,3.1204999995679827
1,no_lock,benchmark_no_lock_1_28_97075e0efd06,3.5064000003330875
1,no_lock,benchmark_no_lock_1_29_feb96872fa19,2.726099999563303
1,no_lock,benchmark_no_lock_1_30_4bc7f4dcdb3a,2.8394999990268843
1,no_lock,benchmark_no_lock_1_31_166cdd05188b,3.1055999988893745
1,no_lock,benchmark_no_lock_1_32_ff11dde41597,2.767399999356712
1,no_lock,benchmark_no_lock_1_33_c92fabab3c77,3.545999999914784
1,no_lock,benchmark_no_lock_1_34_d875843e7e33,3.2266000016534235
1,no_lock,benchmark_no_lock_1_35_0377d5d66b2c,2.2318999999697553
1,no_lock,benchmark_no_lock_1_36_bde3b919f40c,3.300499998658779
1,no_lock,benchmark_no_lock_1_37_545ba4a03fcb,3.180299998348346
1,no_lock,benchmark_no_lock_1_38_689ce6ffa5df,2.6189999989583157
1,no_lock,benchmark_no_lock_1_39_809a7ddebadc,3.081400000155554
1,no_lock,benchmark_no_lock_1_40_b3231ab1d85d,2.4188999996113125
1,no_lock,benchmark_no_lock_1_41_324e20e31120,2.541600000768085
1,no_lock,benchmark_no_lock_1_42_995511cfeb4c,2.821899999617017
1,no_lock,benchmark_no_lock_1_43_4098183936d9,2.2783000003983034
1,no_lock,benchmark_no_lock_1_44_b0ad6d687a85,2.897099999245256
1,no_lock,benchmark_no_lock_1_45_83e7e7d2b806,2.4859999994077953
1,no_lock,benchmark_no_lock_1_46_65259d193340,3.426900000704336
1,no_lock,benchmark_no_lock_1_47_62670bd4685c,2.3707000000285916
1,no_lock,benchmark_no_lock_1_48_87fd294c9f2f,2.3225999993883306
1,no_lock,benchmark_no_lock_1_49_079e6046de84,3.1808000003366033
1,no_lock,benchmark_no_lock_1_50_c24d539743e3,2.52830000135873
1,no_lock,benchmark_no_lock_1_51_31e3365a25f2,2.9715000000578584
1,no_lock,benchmark_no_lock_1_52_fb08ef0e0ea7,2.7472000001580454
1,no_lock,benchmark_no_lock_1_53_46056da1156d,2.80659999953059
1,no_lock,benchmark_no_lock_1_54_6a10af955ef9,3.2986999995046062
1,no_lock,benchmark_no_lock_1_55_5010a80ff9c6,3.3535999991727294
1,no_lock,benchmark_no_lock_1_56_4da6082ca3ad,2.9562999989138916
1,no_lock,benchmark_no_lock_1_57_8d1dba98d40e,3.1899999994493555
1,no_lock,benchmark_no_lock_1_58_0ec38e075cbd,4.391200000100071
1,no_lock,benchmark_no_lock_1_59_67cf262c162c,2.8144000007159775
1,no_lock,benchmark_no_lock_1_60_d7c76726eb6b,2.8185999999550404
1,no_lock,benchmark_no_lock_1_61_8a3f2c194d3a,3.8921999985177536
1,no_lock,benchmark_no_lock_1_62_fcf2129a68e8,3.7635999997291947
1,no_lock,benchmark_no_lock_1_63_0092fff6f44a,2.8233000011823606
1,no_lock,benchmark_no_lock_1_64_8f23c3efe6a3,2.8882000005978625
1,no_lock,benchmark_no_lock_1_65_eaa0e6bf498a,3.2363999998779036
1,no_lock,benchmark_no_lock_1_66_0ff33004199f,2.5485999994998565
1,no_lock,benchmark_no_lock_1_67_06679c45b888,2.601199999844539
1,no_lock,benchmark_no_lock_1_68_ab21e1274490,3.2117999999172753
1,no_lock,benchmark_no_lock_1_69_ad910bd1eea2,3.156700000545243
1,no_lock,benchmark_no_lock_1_70_dc782638d953,2.6550000002316665
1,no_lock,benchmark_no_lock_1_71_5ca189b1def4,3.1256999991455814
1,no_lock,benchmark_no_lock_1_72_9f454e7a18c2,2.8181999987282325
1,no_lock,benchmark_no_lock_1_73_7faec0a52837,2.5931000000127824
1,no_lock,benchmark_no_lock_1_74_41cedf09d86e,2.6414999992994126
1,no_lock,benchmark_no_lock_1_75_bd445ae56012,3.0227999995986465
1,no_lock,benchmark_no_lock_1_76_f57d4abe2a7d,2.963300001283642
1,no_lock,benchmark_no_lock_1_77_33f2160532f7,2.417800000330317
1,no_lock,benchmark_no_lock_1_78_feb5c232e216,2.159100000426406
1,no_lock,benchmark_no_lock_1_79_522b068aa2ca,2.244799999971292
1,no_lock,benchmark_no_lock_1_80_b33adb355f8d,2.7646999988064636
1,no_lock,benchmark_no_lock_1_81_51ae4209e335,3.130600000076811
1,no_lock,benchmark_no_lock_1_82_60326ff9cdf0,3.1071000012161676
1,no_lock,benchmark_no_lock_1_83_830d24868ab3,3.7128999993001344
1,no_lock,benchmark_no_lock_1_84_23cbdf38ad47,2.642399998876499
1,no_lock,benchmark_no_lock_1_85_ed1c81ce4b92,2.5123999985225964
1,no_lock,benchmark_no_lock_1_86_8bad11cee6c4,2.934599999207421
1,no_lock,benchmark_no_lock_1_87_f1d2ff61e242,2.5860000005195616
1,no_lock,benchmark_no_lock_1_88_0aff36adf9e6,2.7116000001115026
1,no_lock,benchmark_no_lock_1_89_b776b23ad345,2.6175000002695015
1,no_lock,benchmark_no_lock_1_90_642085eff77c,2.3966000007931143
1,no_lock,benchmark_no_lock_1_91_7d9d3b0030f5,2.1866000006411923
1,no_lock,benchmark_no_lock_1_92_80a4c6a17424,2.2391000002244255
1,no_lock,benchmark_no_lock_1_93_27119c397141,2.500799999324954
1,no_lock,benchmark_no_lock_1_94_4f27682030bf,2.4362999993172707
1,no_lock,benchmark_no_lock_1_95_343436aa896d,2.5783999990380835
1,no_lock,benchmark_no_lock_1_96_a196ecd995d6,2.322299998922972
1,no_lock,benchmark_no_lock_1_97_f3e3a2fe159f,2.8008000008412637
1,no_lock,benchmark_no_lock_1_98_71acdb22b3be,2.2172999997565057
1,no_lock,benchmark_no_lock_1_99_bb70d6a18c04,2.207999999882304
2,no_lock,benchmark_no_lock_2_0_53c01e85eb39,3.1608999997843057
2,no_lock,benchmark_no_lock_2_1_fbad1c869675,2.4455999991914723
2,no_lock,benchmark_no_lock_2_2_a3b9575ffad5,2.2333999986585695
2,no_lock,benchmark_no_lock_2_3_0f77fa300301,2.156600001399056
2,no_lock,benchmark_no_lock_2_4_59955d30dc4d,3.081300001213094
2,no_lock,benchmark_no_lock_2_5_6c61a7e61462,2.587699998912285
2,no_lock,benchmark_no_lock_2_6_b039f7c992da,2.7803000011772383
2,no_lock,benchmark_no_lock_2_7_b490dcbd3a96,2.171599999201135
2,no_lock,benchmark_no_lock_2_8_255c3499fdc5,2.5456000003032386
2,no_lock,benchmark_no_lock_2_9_c9a3369811c8,2.721400000154972
2,no_lock,benchmark_no_lock_2_10_ceba7f067077,2.1720999993704027
2,no_lock,benchmark_no_lock_2_11_267c737b1f69,2.313200000571669
2,no_lock,benchmark_no_lock_2_12_482602baa0f7,2.454100000250037
2,no_lock,benchmark_no_lock_2_13_20211b711392,2.0735000016429694
2,no_lock,benchmark_no_lock_2_14_7fa06c6f7239,2.7200999993510777
2,no_lock,benchmark_no_lock_2_15_39961d2c6f76,2.5284000003011897
2,no_lock,benchmark_no_lock_2_16_4cd856683571,2.211900000474998
2,no_lock,benchmark_no_lock_2_17_5b3c0ae0097e,2.4360999996133614
2,no_lock,benchmark_no_lock_2_18_b671345e9020,2.5132999999186723
2,no_lock,benchmark_no_lock_2_19_6cfabf900675,2.660999998624902
2,no_lock,benchmark_no_lock_2_20_db8e20d70150,2.3818000008759554
2,no_lock,benchmark_no_lock_2_21_296bf639c1b0,2.362600000196835
2,no_lock,benchmark_no_lock_2_22_a16f700fc3b4,1.7786000007617986
2,no_lock,benchmark_no_lock_2_23_4d69eb93663d,2.438399998936802
2,no_lock,benchmark_no_lock_2_24_93239baca8fa,1.782099998308695
2,no_lock,benchmark_no_lock_2_25_b6511b49ecfa,3.3779999994294485
2,no_lock,benchmark_no_lock_2_26_066fb9104b9e,2.827899999829242
2,no_lock,benchmark_no_lock_2_27_70a2c6194735,2.346600000237231
2,no_lock,benchmark_no_lock_2_28_be9078c8fa7a,3.0857000001560664
2,no_lock,benchmark_no_lock_2_29_6f7b9d486b21,2.724899999520858
2,no_lock,benchmark_no_lock_2_30_1e67b26a6501,2.3041000004013767
2,no_lock,benchmark_no_lock_2_31_0d29cea33947,3.1464000003325054
2,no_lock,benchmark_no_lock_2_32_e469f1da45b5,2.5533000007271767
2,no_lock,benchmark_no_lock_2_33_6c508f313429,2.867600000172388
2,no_lock,benchmark_no_lock_2_34_a891e006c81f,3.632899999502115
2,no_lock,benchmark_no_lock_2_35_6f7733cc665f,3.299099998912425
2,no_lock,benchmark_no_lock_2_36_bf01f00ec132,2.8256000005058013
2,no_lock,benchmark_no_lock_2_37_203fe47fc82d,3.6022000003868015
2,no_lock,benchmark_no_lock_2_38_e7d41efc4636,3.0096999998932006
2,no_lock,benchmark_no_lock_2_39_a51a7b82cd8d,2.7803000011772383
2,no_lock,benchmark_no_lock_2_40_05556b4aea6d,3.528500001266366
2,no_lock,benchmark_no_lock_2_41_176544be59c0,3.3308000001852633
2,no_lock,benchmark_no_lock_2_42_ebf06c8fd161,2.9446999997162493
2,no_lock,benchmark_no_lock_2_43_d2e4e4b6ccee,3.1739999994897516
2,no_lock,benchmark_no_lock_2_44_229202a209f2,3.5272000004624715
2,no_lock,benchmark_no_lock_2_45_84ac04472f91,3.3010999995894963
2,no_lock,benchmark_no_lock_2_46_e1b5d3fbd584,2.8715999997075414
2,no_lock,benchmark_no_lock_2_47_af886e534d9a,2.9512000000977423
2,no_lock,benchmark_no_lock_2_48_e13f0cc818b2,2.3395999996864703
2,no_lock,benchmark_no_lock_2_49_c5bc8375bfcd,2.4362000003748108
2,no_lock,benchmark_no_lock_2_50_b5163f8232e9,2.4525000007997733
2,no_lock,benchmark_no_lock_2_51_528db726b082,3.2570000003033783
2,no_lock,benchmark_no_lock_2_52_117deea25fa6,2.637499999764259
2,no_lock,benchmark_no_lock_2_53_78284b95893c,1.8797000011545606
2,no_lock,benchmark_no_lock_2_54_b6460ccd42ec,3.095599999141996
2,no_lock,benchmark_no_lock_2_55_4f5141c8f955,2.4249999987659976
2,no_lock,benchmark_no_lock_2_56_ff8f384b5256,2.1570999997493345
2,no_lock,benchmark_no_lock_2_57_ffcc3c4cea88,2.044900000328198
2,no_lock,benchmark_no_lock_2_58_b8663afc55a9,3.6569999992934754
2,no_lock,benchmark_no_lock_2_59_1d43b956907e,1.951599999301834
2,no_lock,benchmark_no_lock_2_60_3fa3a7ce6b0b,2.5369999984832248
2,no_lock,benchmark_no_lock_2_61_56681ab0b097,1.99609999981476
2,no_lock,benchmark_no_lock_2_62_6bea90135c71,2.927300000010291
2,no_lock,benchmark_no_lock_2_63_c1094ed91327,3.52999999995518
2,no_lock,benchmark_no_lock_2_64_229bfb7d0f05,3.577499999664724
2,no_lock,benchmark_no_lock_2_65_188fa30efe5c,4.31159999970987
2,no_lock,benchmark_no_lock_2_66_b4ce80ab2be2,3.2016000004659873
2,no_lock,benchmark_no_lock_2_67_a98f9b01d49b,2.184000000852393
2,no_lock,benchmark_no_lock_2_68_9f0d3710ba9f,3.4677000003284775
2,no_lock,benchmark_no_lock_2_69_e27c304de69b,3.2126999994943617
2,no_lock,benchmark_no_lock_2_70_de6c86b2f1f4,2.2221999988687458
2,no_lock,benchmark_no_lock_2_71_f17b1a4e4d29,2.4740999997447943
2,no_lock,benchmark_no_lock_2_72_d53ce6ae23c1,2.044900000328198
2,no_lock,benchmark_no_lock_2_73_37e3f15cd6e5,4.511200000706594
2,no_lock,benchmark_no_lock_2_74_107b29093f2e,2.673799999683979
2,no_lock,benchmark_no_lock_2_75_d69221ba109a,4.483000000618631
2,no_lock,benchmark_no_lock_2_76_7d885ec00bc5,3.2729000013205223
2,no_lock,benchmark_no_lock_2_77_47b68e333061,3.8175999998202315
2,no_lock,benchmark_no_lock_2_78_eb9779bc264c,5.003000000215252
2,no_lock,benchmark_no_lock_2_79_0e364aa2e92d,5.367699999624165
2,no_lock,benchmark_no_lock_2_80_a8c923892092,4.022199998871656
2,no_lock,benchmark_no_lock_2_81_a28054c7fa47,2.9472000005625887
2,no_lock,benchmark_no_lock_2_82_76ad761993c3,2.1987000000081025
2,no_lock,benchmark_no_lock_2_83_898200706859,2.6674000000639353
2,no_lock,benchmark_no_lock_2_84_4876597fad1b,2.2783999993407633
2,no_lock,benchmark_no_lock_2_85_bdf22184b9ab,2.3823999999876833
2,no_lock,benchmark_no_lock_2_86_fa6f7bc89089,1.8682999998418381
2,no_lock,benchmark_no_lock_2_87_5cc34ad09b5e,1.6113000001496403
2,no_lock,benchmark_no_lock_2_88_1ff23030de52,1.881399999547284
2,no_lock,benchmark_no_lock_2_89_1e97a3d9c6eb,1.6183000007004011
2,no_lock,benchmark_no_lock_2_90_61ab6ce0b061,2.8020000008837087
2,no_lock,benchmark_no_lock_2_91_ee0725708f2d,1.9419000000198139
2,no_lock,benchmark_no_lock_2_92_5c33ab829257,2.79459999910614
2,no_lock,benchmark_no_lock_2_93_6300df1a6afe,1.723600000332226
2,no_lock,benchmark_no_lock_2_94_66e27e5a861d,2.7033000005758367
2,no_lock,benchmark_no_lock_2_95_aa738e12add2,1.9945999993069563
2,no_lock,benchmark_no_lock_2_96_4441e1c53d64,2.5659999992058147
2,no_lock,benchmark_no_lock_2_97_109b54f54bfd,2.0712999994429993
2,no_lock,benchmark_no_lock_2_98_de49acc5061f,2.43159999990894
2,no_lock,benchmark_no_lock_2_99_347d8ebc7643,2.1278000003803754
2,locked,benchmark_locked_2_0_477fd4a4a7a6,1.8304999994143145
2,locked,benchmark_locked_2_1_171e05705581,1.6489999998157145
2,locked,benchmark_locked_2_2_6b6d5b236c0b,1.4592999996239087
2,locked,benchmark_locked_2_3_a58cb95a4f0b,1.3290000006236369
2,locked,benchmark_locked_2_4_477336aaf226,1.5714000001025852
2,locked,benchmark_locked_2_5_db240ea163ef,1.3073000009171665
2,locked,benchmark_locked_2_6_cdcdf479ad72,1.6257000006589806
2,locked,benchmark_locked_2_7_402f056a181c,1.2998000001971377
2,locked,benchmark_locked_2_8_d58748e06936,1.5260000000125729
2,locked,benchmark_locked_2_9_8cfd04b8e43b,2.1655999989889096
2,locked,benchmark_locked_2_10_376a14e2c6a7,1.595699999597855
2,locked,benchmark_locked_2_11_2a8c33be90ec,1.5229000000545057
2,locked,benchmark_locked_2_12_280ac75ab441,1.3914999999542488
2,locked,benchmark_locked_2_13_d2bdd0fec6a6,1.2800999993487494
2,locked,benchmark_locked_2_14_b40aad9979d4,1.3005000000703149
2,locked,benchmark_locked_2_15_80f8fedc6690,1.2072999998054001
2,locked,benchmark_locked_2_16_0df593ff1620,1.7900000002555316
2,locked,benchmark_locked_2_17_825d5210dff0,1.3670999996975297
2,locked,benchmark_locked_2_18_e6533edcb7b0,2.205599999797414
2,locked,benchmark_locked_2_19_2ff5ea7b5ccf,1.2741999998979736
2,locked,benchmark_locked_2_20_bb948dd72d8b,2.063399999315152
2,locked,benchmark_locked_2_21_f4320ad29266,1.339200000074925
2,locked,benchmark_locked_2_22_b2295664fde3,2.084100000502076
2,locked,benchmark_locked_2_23_e90e207757e7,1.461999998355168
2,locked,benchmark_locked_2_24_341c6d0d31a9,2.298299999893061
2,locked,benchmark_locked_2_25_fc8e0007bf4a,1.8849999996746192
2,locked,benchmark_locked_2_26_48890ef8de59,1.84840000110853
2,locked,benchmark_locked_2_27_04d936663d06,2.3068000009516254
2,locked,benchmark_locked_2_28_9b5251640621,1.9199000016669743
2,locked,benchmark_locked_2_29_ae3a3f4ef08b,2.0182999996904982
2,locked,benchmark_locked_2_30_166077733931,1.7583999997441424
2,locked,benchmark_locked_2_31_be4b9c116de1,1.7571000007592374
2,locked,benchmark_locked_2_32_aeb4dec5da91,1.7320999995718012
2,locked,benchmark_locked_2_33_d642e8abf3f0,1.6193999999813968
2,locked,benchmark_locked_2_34_5e21eb59012c,2.3218000005726935
2,locked,benchmark_locked_2_35_a5cb3b6e27fb,1.9367999993846752
2,locked,benchmark_locked_2_36_182e5f27e6d0,2.005500000450411
2,locked,benchmark_locked_2_37_a5b9e817d071,2.1842000005563023
2,locked,benchmark_locked_2_38_5d9271e6bcc1,2.0571999993990175
2,locked,benchmark_locked_2_39_5e172f8a3327,1.8004999983531889
2,locked,benchmark_locked_2_40_bb795898c7d0,1.7903000007208902
2,locked,benchmark_locked_2_41_62988d788705,1.9279999996797414
2,locked,benchmark_locked_2_42_0ffdaa8bc639,2.2296999995887745
2,locked,benchmark_locked_2_43_5cb18a87648e,1.6732999993109843
2,locked,benchmark_locked_2_44_a89a041df872,1.948400000401307
2,locked,benchmark_locked_2_45_9dea2425c352,1.771700000972487
2,locked,benchmark_locked_2_46_3bb15716a639,1.8265999988216208
2,locked,benchmark_locked_2_47_12a1897d1617,2.2393999988707947
2,locked,benchmark_locked_2_48_f90ad006803b,1.8909999998868443
2,locked,benchmark_locked_2_49_f8a2558ed648,1.5755000003991881
2,locked,benchmark_locked_2_50_5d4239564bcc,1.430800000889576
2,locked,benchmark_locked_2_51_89261bae4ed6,2.0945999985997332
2,locked,benchmark_locked_2_52_791776a5c1a2,2.222299999630195
2,locked,benchmark_locked_2_53_16800476f6d8,1.7625000000407454
2,locked,benchmark_locked_2_54_9baf2e607b4c,2.166300000681076
2,locked,benchmark_locked_2_55_86110043da46,1.7600999999558553
2,locked,benchmark_locked_2_56_4184a21c1fba,2.125799999703304
2,locked,benchmark_locked_2_57_fdf8ca382065,2.1202000007178867
2,locked,benchmark_locked_2_58_79ee618c2137,2.1016000009694835
2,locked,benchmark_locked_2_59_76eb0567b722,1.8927000000985572
2,locked,benchmark_locked_2_60_6a2ef4a2569b,1.9630999995570164
2,locked,benchmark_locked_2_61_400c702bc1c4,1.801900001737522
2,locked,benchmark_locked_2_62_d83d15a2cb2f,1.9498999990901211
2,locked,benchmark_locked_2_63_04bf2dd972ec,1.8686000003071968
2,locked,benchmark_locked_2_64_3c50d9bd349d,2.0774000004166737
2,locked,benchmark_locked_2_65_fd0359073f23,1.7453999989811564
2,locked,benchmark_locked_2_66_f757f7a68170,1.8643999992491445
2,locked,benchmark_locked_2_67_7589537f7d88,2.168799999708426
2,locked,benchmark_locked_2_68_b785e61fab8a,1.9047999994654674
2,locked,benchmark_locked_2_69_0c3cbaeecbf7,1.757599999109516
2,locked,benchmark_locked_2_70_9019ea662ed1,2.4544999996578554
2,locked,benchmark_locked_2_71_544dcdc07dcf,1.8268999992869794
2,locked,benchmark_locked_2_72_3014e39c4c9b,1.8466999990778277
2,locked,benchmark_locked_2_73_20f5d6c6cec2,1.9808000015473226
2,locked,benchmark_locked_2_74_26cef8ec1f5d,1.8043000000034226
2,locked,benchmark_locked_2_75_1419efb6caf7,1.8261999994138023
2,locked,benchmark_locked_2_76_2ce35cef839c,1.8648000004759524
2,locked,benchmark_locked_2_77_d38fec0db705,2.190000001064618
2,locked,benchmark_locked_2_78_e77ba44d71b8,1.9898999998986255
2,locked,benchmark_locked_2_79_950413b14049,2.0761999985552393
2,locked,benchmark_locked_2_80_6f7acc22e9e6,2.2124000006442657
2,locked,benchmark_locked_2_81_02b6f47c227f,2.1099000005051494
2,locked,benchmark_locked_2_82_94b711668366,2.140000000508735
2,locked,benchmark_locked_2_83_98a28087c0a6,2.520899999581161
2,locked,benchmark_locked_2_84_a350ac8b5fbe,2.355399999942165
2,locked,benchmark_locked_2_85_d5a6e03b0ffa,2.6985999993485166
2,locked,benchmark_locked_2_86_543744c92dec,2.4009000007936265
2,locked,benchmark_locked_2_87_324b0fc8a6e1,2.7372000004106667
2,locked,benchmark_locked_2_88_2c692f070363,2.3351999989245087
2,locked,benchmark_locked_2_89_d8746833fef6,4.393299999719602
2,locked,benchmark_locked_2_90_5c0502080e25,3.475299999990966
2,locked,benchmark_locked_2_91_779c54029d33,3.187100001014187
2,locked,benchmark_locked_2_92_a1a6a0425f55,4.219099999318132
2,locked,benchmark_locked_2_93_a4aef8675d68,3.4075000003213063
2,locked,benchmark_locked_2_94_6c2621a75090,3.344499999002437
2,locked,benchmark_locked_2_95_5e4cd0d384d7,2.4157000007107854
2,locked,benchmark_locked_2_96_a24aef53ba1c,3.9479999995819526
2,locked,benchmark_locked_2_97_1bce710d879b,3.1412999996973667
2,locked,benchmark_locked_2_98_86530ee0707d,2.539200000683195
2,locked,benchmark_locked_2_99_006ad07765e8,2.555900000515976
3,locked,benchmark_locked_3_0_be0112f0290f,5.211100000451552
3,locked,benchmark_locked_3_1_a2be4d91c70a,3.0845000001136214
3,locked,benchmark_locked_3_2_3281f76dda41,3.6682999998447485
3,locked,benchmark_locked_3_3_099537b761ef,3.4214999996038387
3,locked,benchmark_locked_3_4_b04cbce226ff,3.003800000442425
3,locked,benchmark_locked_3_5_5e2983aa2794,3.2334999996237457
3,locked,benchmark_locked_3_6_1fd4709dd1ac,3.377099999852362
3,locked,benchmark_locked_3_7_1c1354a32f7d,2.946700000393321
3,locked,benchmark_locked_3_8_a5d3f299d65d,3.5671999994519865
3,locked,benchmark_locked_3_9_b1cbf7d381fe,3.9419000004272675
3,locked,benchmark_locked_3_10_f618861582ee,2.920099999755621
3,locked,benchmark_locked_3_11_9529165b127f,3.823299999567098
3,locked,benchmark_locked_3_12_413a1db00b89,4.394899999169866
3,locked,benchmark_locked_3_13_58e2b15c8363,2.990200000567711
3,locked,benchmark_locked_3_14_cacc22f41fff,3.3993999986705603
3,locked,benchmark_locked_3_15_8d3646889796,3.8122000005387235
3,locked,benchmark_locked_3_16_112d856eefd2,2.8425000000424916
3,locked,benchmark_locked_3_17_adc3af45fa72,2.638199999637436
3,locked,benchmark_locked_3_18_33fbac46b2be,3.1870000002527377
3,locked,benchmark_locked_3_19_dd13f5e01686,3.6557999992510304
3,locked,benchmark_locked_3_20_4e9d91ce2474,3.693599999678554
3,locked,benchmark_locked_3_21_0591245dfada,3.394800000023679
3,locked,benchmark_locked_3_22_7961122b9bc9,2.9116999994585058
3,locked,benchmark_locked_3_23_64c39405a28a,3.424000000450178
3,locked,benchmark_locked_3_24_e1e12c111ee5,3.3414000008633593
3,locked,benchmark_locked_3_25_98c52ec0510d,3.9325999987340765
3,locked,benchmark_locked_3_26_19b9b506b95b,2.8350000011414522
3,locked,benchmark_locked_3_27_6c445aca3ea3,2.8787999999622116
3,locked,benchmark_locked_3_28_43b960a5348b,3.3053999995900085
3,locked,benchmark_locked_3_29_73a473df5964,4.30659999983618
3,locked,benchmark_locked_3_30_b8645f059944,3.3285999998042826
3,locked,benchmark_locked_3_31_847d78ce8068,3.0946999995649094
3,locked,benchmark_locked_3_32_504bfe8234d6,4.231900000377209
3,locked,benchmark_locked_3_33_7860493ce475,2.8969000013603363
3,locked,benchmark_locked_3_34_04ec0d49832e,4.028500001368229
3,locked,benchmark_locked_3_35_7535481f5d20,4.9515999999130145
3,locked,benchmark_locked_3_36_e5889077ee03,4.5172999998612795
3,locked,benchmark_locked_3_37_8e179626cf43,3.388499999346095
3,locked,benchmark_locked_3_38_7d8ba380663c,2.875399999538786
3,locked,benchmark_locked_3_39_4d2d1988b774,3.710200000568875
3,locked,benchmark_locked_3_40_f49090a1b824,2.6789000003191177
3,locked,benchmark_locked_3_41_9930216375e6,3.2201000012719305
3,locked,benchmark_locked_3_42_db35586c0b80,2.5848000004771166
3,locked,benchmark_locked_3_43_926e08a13f3d,3.428899999562418
3,locked,benchmark_locked_3_44_3abbb96d8693,3.0573999993066536
3,locked,benchmark_locked_3_45_1c394f673c5d,3.1405999998241896
3,locked,benchmark_locked_3_46_a86c62df07e3,2.54520000089542
3,locked,benchmark_locked_3_47_60eb4de7eb3f,3.1412999996973667
3,locked,benchmark_locked_3_48_a09a9d69dd9b,2.6706999997259118
3,locked,benchmark_locked_3_49_a15bfe4735c7,2.6878999997279607
3,locked,benchmark_locked_3_50_a7e995fa8e82,3.5248000003775815
3,locked,benchmark_locked_3_51_91d59c0f4b4e,2.626899999086163
3,locked,benchmark_locked_3_52_5e26f25ab9e0,3.278899999713758
3,locked,benchmark_locked_3_53_52b33bda9dee,2.79210000007879
3,locked,benchmark_locked_3_54_f2ef04f4f71f,2.6409999991301447
3,locked,benchmark_locked_3_55_08e9fb92b8c5,4.804499998499523
3,locked,benchmark_locked_3_56_06f41fb487d9,3.0138999991322635
3,locked,benchmark_locked_3_57_c9035a8e1486,5.9493999997357605
3,locked,benchmark_locked_3_58_119ebf8f16a2,4.467500000828295
3,locked,benchmark_locked_3_59_66a197470efe,4.392400000142516
3,locked,benchmark_locked_3_60_4498526d43a1,4.756999998789979
3,locked,benchmark_locked_3_61_8129faa83010,4.753799999889452
3,locked,benchmark_locked_3_62_59c0c76d3bdb,4.485499999645981
3,locked,benchmark_locked_3_63_88c9744c9581,4.731600000013714
3,locked,benchmark_locked_3_64_190a8f733c58,4.71550000111165
3,locked,benchmark_locked_3_65_3d4be0063263,4.636300000129268
3,locked,benchmark_locked_3_66_712f379d1d2a,2.7871000002051005
3,locked,benchmark_locked_3_67_a583287e152f,2.706900000703172
3,locked,benchmark_locked_3_68_75c9b0afde82,2.555300001404248
3,locked,benchmark_locked_3_69_7fc2eca461ce,3.42599999930826
3,locked,benchmark_locked_3_70_1c790054e416,2.6228999995510094
3,locked,benchmark_locked_3_71_50ba2c89fe0d,2.55010000000766
3,locked,benchmark_locked_3_72_418eabef3a0c,2.5169999989884673
3,locked,benchmark_locked_3_73_fb853c45547e,2.638799998749164
3,locked,benchmark_locked_3_74_ac1d72102982,3.187399999660556
3,locked,benchmark_locked_3_75_82e904f85050,2.250899999125977
3,locked,benchmark_locked_3_76_be31f3412123,2.423100000669365
3,locked,benchmark_locked_3_77_0fed233a842e,2.4348999995709164
3,locked,benchmark_locked_3_78_1f41bb3bfbe0,2.4982999984786147
3,locked,benchmark_locked_3_79_d525c6267c97,2.65419999959704
3,locked,benchmark_locked_3_80_532278bb0c4f,2.4520999995729653
3,locked,benchmark_locked_3_81_101f9ea74bf1,2.4551000005885726
3,locked,benchmark_locked_3_82_5c81e00efa90,4.056699999637203
3,locked,benchmark_locked_3_83_d816cdff1822,2.720000000408618
3,locked,benchmark_locked_3_84_d55ce65f5375,2.817799999320414
3,locked,benchmark_locked_3_85_47ac8298cc52,2.8127000005042646
3,locked,benchmark_locked_3_86_0ef9251c4114,3.3189999994647224
3,locked,benchmark_locked_3_87_7b4d4ad650a6,2.7769999996962724
3,locked,benchmark_locked_3_88_11665542986b,2.5270000005548354
3,locked,benchmark_locked_3_89_4a09c4760581,2.3692000013397774
3,locked,benchmark_locked_3_90_ef14ab3cc361,2.3836000000301283
3,locked,benchmark_locked_3_91_04be9b547f42,2.9472000005625887
3,locked,benchmark_locked_3_92_f31733283173,2.5103000007220544
3,locked,benchmark_locked_3_93_2a641fc6799d,2.4009000007936265
3,locked,benchmark_locked_3_94_4b2034b96f9c,2.4525000007997733
3,locked,benchmark_locked_3_95_912c8457b601,2.371599999605678
3,locked,benchmark_locked_3_96_d4e869e1814e,2.1585000013146782
3,locked,benchmark_locked_3_97_4b11c7fac437,2.5521999996271916
3,locked,benchmark_locked_3_98_3bcef29b5a34,2.507100000002538
3,locked,benchmark_locked_3_99_edb2df83c5a5,2.4295000002894085
3,no_lock,benchmark_no_lock_3_0_5c6e86249ba9,3.1173999996099155
3,no_lock,benchmark_no_lock_3_1_d15814fed7c2,4.14229999842064
3,no_lock,benchmark_no_lock_3_2_169164a93b8d,3.154099998937454
3,no_lock,benchmark_no_lock_3_3_e4399f705fed,2.999999998792191
3,no_lock,benchmark_no_lock_3_4_9070d07356a6,3.0145000000629807
3,no_lock,benchmark_no_lock_3_5_96ed2c2c60f4,2.9806000002281507
3,no_lock,benchmark_no_lock_3_6_4c78ece09e8b,3.5289999996166443
3,no_lock,benchmark_no_lock_3_7_71a3ea207401,2.749499999481486
3,no_lock,benchmark_no_lock_3_8_e641135ff051,2.9239000014058547
3,no_lock,benchmark_no_lock_3_9_5d386926051b,3.1863999993220204
3,no_lock,benchmark_no_lock_3_10_e1426622e9fd,3.0215000006137416
3,no_lock,benchmark_no_lock_3_11_d8b20de7c57d,3.2976999991660705
3,no_lock,benchmark_no_lock_3_12_bb52f9204052,3.431700000874116
3,no_lock,benchmark_no_lock_3_13_73ac9e9b638f,3.4438000002410263
3,no_lock,benchmark_no_lock_3_14_cf48cc44c1c9,4.905199999484466
3,no_lock,benchmark_no_lock_3_15_9fe13823704d,3.6307999998825835
3,no_lock,benchmark_no_lock_3_16_245584b9b596,3.631899999163579
3,no_lock,benchmark_no_lock_3_17_990471a3c3f0,3.6146000002190704
3,no_lock,benchmark_no_lock_3_18_6a26fad8c593,3.417500000068685
3,no_lock,benchmark_no_lock_3_19_c302e48ab9ac,3.1930999994074227
3,no_lock,benchmark_no_lock_3_20_c52e1c0b6136,3.413200000068173
3,no_lock,benchmark_no_lock_3_21_bdb9ad7ea3af,3.4166999994340586
3,no_lock,benchmark_no_lock_3_22_403191cad2b7,2.993800000695046
3,no_lock,benchmark_no_lock_3_23_0a1fa2acc344,2.839200000380515
3,no_lock,benchmark_no_lock_3_24_105ad1f3b7ed,3.039600000192877
3,no_lock,benchmark_no_lock_3_25_7281a8a72e6c,2.9055000013613608
3,no_lock,benchmark_no_lock_3_26_f75e75f5a99c,3.168700000969693
3,no_lock,benchmark_no_lock_3_27_49e5160dbe67,3.265299999839044
3,no_lock,benchmark_no_lock_3_28_53e5f37ee793,2.870100001018727
3,no_lock,benchmark_no_lock_3_29_bb55890fdd5e,3.4522000005381415
3,no_lock,benchmark_no_lock_3_30_dcff191c76c9,3.216400000383146
3,no_lock,benchmark_no_lock_3_31_026b7743024e,2.8925999995408347
3,no_lock,benchmark_no_lock_3_32_9871fbe9351f,3.114099999947939
3,no_lock,benchmark_no_lock_3_33_3ce00bad6640,4.878299998381408
3,no_lock,benchmark_no_lock_3_34_bb6b266a757d,3.9971999995032093
3,no_lock,benchmark_no_lock_3_35_ee15765cf743,2.9775000002700835
3,no_lock,benchmark_no_lock_3_36_d34caa556a36,2.9572999992524274
3,no_lock,benchmark_no_lock_3_37_7f42e07f4f77,3.6571999989973847
3,no_lock,benchmark_no_lock_3_38_f9ccb6d14969,2.650000000357977
3,no_lock,benchmark_no_lock_3_39_3089e5e836ac,2.841699999407865
3,no_lock,benchmark_no_lock_3_40_27ef92e7aae0,3.092599999945378
3,no_lock,benchmark_no_lock_3_41_c72c2baad8e2,2.918100000897539
3,no_lock,benchmark_no_lock_3_42_b5e8fdd54773,4.821800001082011
3,no_lock,benchmark_no_lock_3_43_0b7e690d5130,4.354599999714992
3,no_lock,benchmark_no_lock_3_44_8f4c95b55e54,4.094099998837919
3,no_lock,benchmark_no_lock_3_45_c64105adccfd,3.6762999989150558
3,no_lock,benchmark_no_lock_3_46_b5bafef5cb15,3.0087000013736542
3,no_lock,benchmark_no_lock_3_47_b14d887e4255,2.9197999992902623
3,no_lock,benchmark_no_lock_3_48_554e2f998269,3.085599999394617
3,no_lock,benchmark_no_lock_3_49_1b4eb11a6d9c,2.9291999999259133
3,no_lock,benchmark_no_lock_3_50_2c2f40665990,2.786999999443651
3,no_lock,benchmark_no_lock_3_51_14884edb074f,2.716199998758384
3,no_lock,benchmark_no_lock_3_52_7ad15dae6467,2.8615999999601627
3,no_lock,benchmark_no_lock_3_53_6bfb4d8618e8,3.001899998707813
3,no_lock,benchmark_no_lock_3_54_c95d29184efc,6.3135999989754055
3,no_lock,benchmark_no_lock_3_55_8f03f87ed7ca,5.189100000279723
3,no_lock,benchmark_no_lock_3_56_6f158dd8f9ca,6.357099999149796
3,no_lock,benchmark_no_lock_3_57_0c90cbf2ccdc,6.427000000257976
3,no_lock,benchmark_no_lock_3_58_73d4b6172a4d,5.691300000762567
3,no_lock,benchmark_no_lock_3_59_deac4017b2fb,6.329700001515448
3,no_lock,benchmark_no_lock_3_60_f1d6f8f2cf18,6.581600000572507
3,no_lock,benchmark_no_lock_3_61_767f554d62b9,6.586899999092566
3,no_lock,benchmark_no_lock_3_62_d00910b3d5ce,6.359000000884407
3,no_lock,benchmark_no_lock_3_63_cb5f6dd93556,6.560300000273855
3,no_lock,benchmark_no_lock_3_64_3e8bae058a1a,6.896599999890896
3,no_lock,benchmark_no_lock_3_65_609028ae0c2f,4.244800000378746
3,no_lock,benchmark_no_lock_3_66_44f46a73c708,4.135700000915676
3,no_lock,benchmark_no_lock_3_67_098d3dcc74dd,5.518199999642093
3,no_lock,benchmark_no_lock_3_68_6517de4b5de9,3.8282999994407874
3,no_lock,benchmark_no_lock_3_69_21773700fcc6,3.7647999997716397
3,no_lock,benchmark_no_lock_3_70_008242d5e70c,4.096900000149617
3,no_lock,benchmark_no_lock_3_71_e76ede4cee62,3.5074000006716233
3,no_lock,benchmark_no_lock_3_72_cd137799b51e,3.7483000014617573
3,no_lock,benchmark_no_lock_3_73_d281dd770fe4,4.154000000198721
3,no_lock,benchmark_no_lock_3_74_91e474a1f5fd,3.7009999996371334
3,no_lock,benchmark_no_lock_3_75_5848a1ed8cd8,3.6714999987452757
3,no_lock,benchmark_no_lock_3_76_6edc6d4a5596,3.140999999232008
3,no_lock,benchmark_no_lock_3_77_84d4a3518c25,2.821399999447749
3,no_lock,benchmark_no_lock_3_78_1d860954be6a,3.412899999602814
3,no_lock,benchmark_no_lock_3_79_eba38a210862,3.1048999990161974
3,no_lock,benchmark_no_lock_3_80_623c16d4f790,3.068899999561836
3,no_lock,benchmark_no_lock_3_81_b870c1edf539,3.1483000002481276
3,no_lock,benchmark_no_lock_3_82_104f200d3d26,2.9409000017039943
3,no_lock,benchmark_no_lock_3_83_99fb63d409ee,3.0533999997715
3,no_lock,benchmark_no_lock_3_84_298e933903d8,3.0107999991741963
3,no_lock,benchmark_no_lock_3_85_77c88b6989af,2.9068999992887257
3,no_lock,benchmark_no_lock_3_86_935cc4e76630,4.4340999993437435
3,no_lock,benchmark_no_lock_3_87_c571d5b02511,3.297299999758252
3,no_lock,benchmark_no_lock_3_88_2d8457e98e41,2.9488000000128523
3,no_lock,benchmark_no_lock_3_89_152d296411ca,3.4843000012187986
3,no_lock,benchmark_no_lock_3_90_93c0cc85a313,3.0727000012120698
3,no_lock,benchmark_no_lock_3_91_45d98799f073,3.0012000006536255
3,no_lock,benchmark_no_lock_3_92_69f39db09c6b,3.558599999450962
3,no_lock,benchmark_no_lock_3_93_10be26fd15ac,2.957699998660246
3,no_lock,benchmark_no_lock_3_94_e0c0be14e9fe,5.735600001571584
3,no_lock,benchmark_no_lock_3_95_3f95ba6240e4,8.3494000009523
3,no_lock,benchmark_no_lock_3_96_4e50a3270288,6.448100000852719
3,no_lock,benchmark_no_lock_3_97_db48406e551a,6.351899999572197
3,no_lock,benchmark_no_lock_3_98_5469ec7e0d32,6.063400000130059
3,no_lock,benchmark_no_lock_3_99_48b8131472e2,6.104100000811741
4,no_lock,benchmark_no_lock_4_0_08db740a0934,6.025500000760076
4,no_lock,benchmark_no_lock_4_1_bc619f048981,6.374399999913294
4,no_lock,benchmark_no_lock_4_2_2e902b9fc2ef,6.827100000009523
4,no_lock,benchmark_no_lock_4_3_aee84f885eff,7.51979999949981
4,no_lock,benchmark_no_lock_4_4_cd1c34fb38f7,6.817499999669963
4,no_lock,benchmark_no_lock_4_5_e8060b0a3cdd,7.222500000352738
4,no_lock,benchmark_no_lock_4_6_8e52f86dfb39,5.1741999996011145
4,no_lock,benchmark_no_lock_4_7_9f0fed4f0c72,5.60109999969427
4,no_lock,benchmark_no_lock_4_8_cdb1221b26cf,5.03240000034566
4,no_lock,benchmark_no_lock_4_9_25e40b5098ab,5.002699999749893
4,no_lock,benchmark_no_lock_4_10_bee4acb8da1d,5.263600000034785
4,no_lock,benchmark_no_lock_4_11_5165a3c95490,5.802299998322269
4,no_lock,benchmark_no_lock_4_12_d6065c1c8191,5.856499999936204
4,no_lock,benchmark_no_lock_4_13_b398e6ea4f63,4.574799999318202
4,no_lock,benchmark_no_lock_4_14_eef4bf65e685,5.46550000035495
4,no_lock,benchmark_no_lock_4_15_93ce234b79ad,7.108600000719889
4,no_lock,benchmark_no_lock_4_16_07f0f6bc572a,4.882799999904819
4,no_lock,benchmark_no_lock_4_17_ee864dc63e13,8.49220000054629
4,no_lock,benchmark_no_lock_4_18_13929c25c497,5.90580000061891
4,no_lock,benchmark_no_lock_4_19_9cb0b2cb0fec,3.4993000008398667
4,no_lock,benchmark_no_lock_4_20_cf63407754e4,1.7984000005526468
4,no_lock,benchmark_no_lock_4_21_480baee15751,3.1155000015132828
4,no_lock,benchmark_no_lock_4_22_3bd8e04d313a,2.2332000007736497
4,no_lock,benchmark_no_lock_4_23_b5db84bfbef3,2.3975999993126607
4,no_lock,benchmark_no_lock_4_24_46d106b104f6,1.809200000934652
4,no_lock,benchmark_no_lock_4_25_2260fbf84e87,2.7346999995643273
4,no_lock,benchmark_no_lock_4_26_99f15e9b890a,3.485799999907613
4,no_lock,benchmark_no_lock_4_27_49fb2c3c91da,1.666500000283122
4,no_lock,benchmark_no_lock_4_28_5685c0c02048,2.1016999999119435
4,no_lock,benchmark_no_lock_4_29_07a749b4edf7,2.5815999997576
4,no_lock,benchmark_no_lock_4_30_b7a8d3d21a2e,2.026900001510512
4,no_lock,benchmark_no_lock_4_31_6dc8ea8a8d41,2.2800000006100163
4,no_lock,benchmark_no_lock_4_32_7d63af0d89c2,1.7994999998336425
4,no_lock,benchmark_no_lock_4_33_77314a842e13,2.2272999995038845
4,no_lock,benchmark_no_lock_4_34_e03ff6d62366,2.50429999869084
4,no_lock,benchmark_no_lock_4_35_3e31cbfcc70c,2.183400001740665
4,no_lock,benchmark_no_lock_4_36_40390f0ced09,2.6216999995085644
4,no_lock,benchmark_no_lock_4_37_edc6cbde3616,2.4243999996542698
4,no_lock,benchmark_no_lock_4_38_85235329906d,1.938900000823196
4,no_lock,benchmark_no_lock_4_39_5579e4a42918,2.377500000875443
4,no_lock,benchmark_no_lock_4_40_96b6cb5413ab,2.127699999618926
4,no_lock,benchmark_no_lock_4_41_f025565045ce,2.3896000002423534
4,no_lock,benchmark_no_lock_4_42_bc90630a9ab1,1.947900000232039
4,no_lock,benchmark_no_lock_4_43_92e76e5dc753,1.6997999991872348
4,no_lock,benchmark_no_lock_4_44_c0d4a683ab94,1.5452999996341532
4,no_lock,benchmark_no_lock_4_45_19f96f77d03c,1.70810000054189
4,no_lock,benchmark_no_lock_4_46_f48d937ae64a,2.152600000044913
4,no_lock,benchmark_no_lock_4_47_58b0bd47a552,2.072299999781535
4,no_lock,benchmark_no_lock_4_48_08cb8b118881,2.1588999989035074
4,no_lock,benchmark_no_lock_4_49_8744dd20fb87,2.1097999997437
4,no_lock,benchmark_no_lock_4_50_1c5b746eefc0,2.665399999386864
4,no_lock,benchmark_no_lock_4_51_71971a803445,2.268000000185566
4,no_lock,benchmark_no_lock_4_52_40e440f69e2d,2.1230999991530553
4,no_lock,benchmark_no_lock_4_53_558afcebf38b,2.197899999373476
4,no_lock,benchmark_no_lock_4_54_b19ba542f6a5,2.8899000008095754
4,no_lock,benchmark_no_lock_4_55_958016cc646c,2.246699999886914
4,no_lock,benchmark_no_lock_4_56_60e858703107,2.1693000016966835
4,no_lock,benchmark_no_lock_4_57_045fb7de3dda,2.0980999997846084
4,no_lock,benchmark_no_lock_4_58_07b62c7c480d,2.544099999795435
4,no_lock,benchmark_no_lock_4_59_add7b3d99f96,2.2785000001022127
4,no_lock,benchmark_no_lock_4_60_f2ff180abe82,3.0311999998957617
4,no_lock,benchmark_no_lock_4_61_308550b40a28,2.2207000001799315
4,no_lock,benchmark_no_lock_4_62_f8360566ab9b,3.2240999989880947
4,no_lock,benchmark_no_lock_4_63_98cdd6af29cf,2.374799998506205
4,no_lock,benchmark_no_lock_4_64_bde4df0081ed,2.4261999988084426
4,no_lock,benchmark_no_lock_4_65_4a925d6d3dd3,2.1128999997017672
4,no_lock,benchmark_no_lock_4_66_2de43dab20b2,2.5378000009368407
4,no_lock,benchmark_no_lock_4_67_89332141c856,2.47029999991355
4,no_lock,benchmark_no_lock_4_68_4c59cd2a5c5f,2.4468999999953667
4,no_lock,benchmark_no_lock_4_69_2fc8e26ae88f,3.887599999870872
4,no_lock,benchmark_no_lock_4_70_03dd8ea4eef3,2.518300001611351
4,no_lock,benchmark_no_lock_4_71_0135b39e2d5a,2.5052000000869157
4,no_lock,benchmark_no_lock_4_72_66782a8e9283,3.112899999905494
4,no_lock,benchmark_no_lock_4_73_0f9daabba9fd,2.5872999995044665
4,no_lock,benchmark_no_lock_4_74_5fa1b4e3d2ac,2.3359000006166752
4,no_lock,benchmark_no_lock_4_75_d10c6fbb819c,2.287600000272505
4,no_lock,benchmark_no_lock_4_76_21d8a3fafe0a,3.194300001268857
4,no_lock,benchmark_no_lock_4_77_c0fbf6944b8d,2.3629000006621936
4,no_lock,benchmark_no_lock_4_78_b4824f32ab18,2.3398999983328395
4,no_lock,benchmark_no_lock_4_79_931bf6d271ba,2.498100000593695
4,no_lock,benchmark_no_lock_4_80_f488ed4f3412,2.639299998918432
4,no_lock,benchmark_no_lock_4_81_845b2cd72081,2.4675000004208414
4,no_lock,benchmark_no_lock_4_82_76cc9604323d,2.2432000005210284
4,no_lock,benchmark_no_lock_4_83_4cae3f638c1e,3.5835000016959384
4,no_lock,benchmark_no_lock_4_84_1b5567ba390d,2.5093999993259786
4,no_lock,benchmark_no_lock_4_85_23908fc180bc,2.2184999997989507
4,no_lock,benchmark_no_lock_4_86_22c840b9e789,2.1636000001308275
4,no_lock,benchmark_no_lock_4_87_7d0f486a4312,2.6436000007379334
4,no_lock,benchmark_no_lock_4_88_70ba8cfa3d84,2.5069999992410885
4,no_lock,benchmark_no_lock_4_89_389a1bb51564,2.134700000169687
4,no_lock,benchmark_no_lock_4_90_e7e00f549064,3.2987000013235956
4,no_lock,benchmark_no_lock_4_91_d788f9f106f7,2.464999999574502
4,no_lock,benchmark_no_lock_4_92_abd73ecfcac5,2.2509999998874264
4,no_lock,benchmark_no_lock_4_93_77696cddb28c,2.4493000000802567
4,no_lock,benchmark_no_lock_4_94_97ac8ab13dbd,2.5413000003027264
4,no_lock,benchmark_no_lock_4_95_a3fe27a1d0b1,1.939099998708116
4,no_lock,benchmark_no_lock_4_96_b1ca92a72539,1.9833000005746726
4,no_lock,benchmark_no_lock_4_97_61355b51a89d,1.81460000021616
4,no_lock,benchmark_no_lock_4_98_feea24009475,2.247200000056182
4,no_lock,benchmark_no_lock_4_99_5266932c7726,1.8772999992506811
4,locked,benchmark_locked_4_0_0acf7ee0eba1,1.651500000662054
4,locked,benchmark_locked_4_1_aa2560332622,1.9059000005654525
4,locked,benchmark_locked_4_2_403d6d5b722e,1.9064999996771803
4,locked,benchmark_locked_4_3_46310f978f17,1.5435000004799804
4,locked,benchmark_locked_4_4_cabf1fd76ba7,1.5541000011580763
4,locked,benchmark_locked_4_5_95a7f1df7770,2.727800001594005
4,locked,benchmark_locked_4_6_465a31034ed8,1.8160999989049742
4,locked,benchmark_locked_4_7_a876630c0ab8,1.4912000006006565
4,locked,benchmark_locked_4_8_3cb767db11c3,1.7348000001220498
4,locked,benchmark_locked_4_9_4bd42bb3d4e2,1.7526999999972759
4,locked,benchmark_locked_4_10_8a254ca14613,1.4926999992894707
4,locked,benchmark_locked_4_11_c83f418e8e26,1.4921999991202028
4,locked,benchmark_locked_4_12_43fbdff3e5b8,2.8657000002567656
4,locked,benchmark_locked_4_13_644adc6bfe48,1.9341999995958759
4,locked,benchmark_locked_4_14_8adcc96c589b,1.4546999991580378
4,locked,benchmark_locked_4_15_7191349d56f7,1.5393000012409175
4,locked,benchmark_locked_4_16_b40def9d758e,2.283599998918362
4,locked,benchmark_locked_4_17_05a37ea1f479,1.7969000000448432
4,locked,benchmark_locked_4_18_c2bfa7f32703,1.5168999998422805
4,locked,benchmark_locked_4_19_c759eea781ab,1.7891999996209051
4,locked,benchmark_locked_4_20_81a5cc754328,2.196600000388571
4,locked,benchmark_locked_4_21_2fe6cb8d79ab,1.7917000004672445
4,locked,benchmark_locked_4_22_8d3e4cc5166b,1.731399999698624
4,locked,benchmark_locked_4_23_c357508feeb6,2.244000001155655
4,locked,benchmark_locked_4_24_b9f8c58afc94,2.101599999150494
4,locked,benchmark_locked_4_25_8d2cf20ce201,1.7998000002990011
4,locked,benchmark_locked_4_26_678b3e595c18,1.8708999996306375
4,locked,benchmark_locked_4_27_75b2fd6f91b8,1.7561000004207017
4,locked,benchmark_locked_4_28_4468100eb728,1.878299999589217
4,locked,benchmark_locked_4_29_1cf08aee0c70,1.5856999998504762
4,locked,benchmark_locked_4_30_2b79278182a3,2.1773999997094506
4,locked,benchmark_locked_4_31_cd1643c49b2a,1.7542000005050795
4,locked,benchmark_locked_4_32_1c417fdfc9fb,1.6240000004472677
4,locked,benchmark_locked_4_33_8a96b461011c,1.6269999996438855
4,locked,benchmark_locked_4_34_88711c24607a,1.9661999995150836
4,locked,benchmark_locked_4_35_626ade19cbd5,1.9942999988415977
4,locked,benchmark_locked_4_36_4881ba5e4c89,1.7834999998740386
4,locked,benchmark_locked_4_37_900c3cf83cd1,1.9724000012502074
4,locked,benchmark_locked_4_38_28c540739dc8,1.4989000010245945
4,locked,benchmark_locked_4_39_38eeeb09c273,1.4769000008527655
4,locked,benchmark_locked_4_40_eb681836f66f,2.0617999998648884
4,locked,benchmark_locked_4_41_ef87da1e633a,1.4687000002595596
4,locked,benchmark_locked_4_42_54f212ad480a,1.4783000005991198
4,locked,benchmark_locked_4_43_0c37e12a9dcb,1.5594999986205949
4,locked,benchmark_locked_4_44_630bd50e97ca,1.4720000017405255
4,locked,benchmark_locked_4_45_d3a176cde5d7,1.53150000005553
4,locked,benchmark_locked_4_46_afcac7c4fe7b,1.6447999987576623
4,locked,benchmark_locked_4_47_112b3f37771e,1.5105999991646968
4,locked,benchmark_locked_4_48_784453b84e45,1.476100000218139
4,locked,benchmark_locked_4_49_513f1d673dfa,2.0046000008733245
4,locked,benchmark_locked_4_50_0596c8534552,1.5352999998867745
4,locked,benchmark_locked_4_51_8daabdef4ebe,1.4682000000902917
4,locked,benchmark_locked_4_52_4942f426732c,2.8782000008504838
4,locked,benchmark_locked_4_53_211419d2c95e,1.7210999994858867
4,locked,benchmark_locked_4_54_fe9ea31bd842,1.5616000000591157
4,locked,benchmark_locked_4_55_ba2003a0c898,1.5456999990419718
4,locked,benchmark_locked_4_56_be7bb647bca8,1.8655999992915895
4,locked,benchmark_locked_4_57_a502fcd60fc8,1.5156000008573756
4,locked,benchmark_locked_4_58_87c636e5cb54,1.5306000004784437
4,locked,benchmark_locked_4_59_f6276c60ac95,1.5178000012383563
4,locked,benchmark_locked_4_60_ca2b5a0e4c16,1.8196000000898493
4,locked,benchmark_locked_4_61_56fa59795587,1.5297999998438172
4,locked,benchmark_locked_4_62_998298702069,1.4522000001306878
4,locked,benchmark_locked_4_63_bf914ed7f0cd,1.4121999993221834
4,locked,benchmark_locked_4_64_93426f1ab341,1.6235000002779998
4,locked,benchmark_locked_4_65_ef6a0a6da59e,1.474499998948886
4,locked,benchmark_locked_4_66_fbdf7d6cbce8,1.506300000983174
4,locked,benchmark_locked_4_67_9cadd29da234,1.6006000005290844
4,locked,benchmark_locked_4_68_d414c1f3c48f,1.5800999990460696
4,locked,benchmark_locked_4_69_1816f51c1757,1.4869999995426042
4,locked,benchmark_locked_4_70_37d411637f6e,1.5086000003066147
4,locked,benchmark_locked_4_71_c39a50d90468,1.471999999921536
4,locked,benchmark_locked_4_72_eecc34a6ecfe,1.52669999988575
4,locked,benchmark_locked_4_73_1e11571215e2,1.6068999993876787
4,locked,benchmark_locked_4_74_0ff112d3e69b,1.4444999997067498
4,locked,benchmark_locked_4_75_74a726b3fcbd,1.5103999994607875
4,locked,benchmark_locked_4_76_316e42b3eca9,1.7757999994501006
4,locked,benchmark_locked_4_77_274fdbb1970d,1.5363000002253102
4,locked,benchmark_locked_4_78_947bb3ba7f98,1.491500001066015
4,locked,benchmark_locked_4_79_0127e176b586,2.1624000000883825
4,locked,benchmark_locked_4_80_2b3e1747c307,1.5679999996791594
4,locked,benchmark_locked_4_81_9421ddc4ca6f,1.5383999998448417
4,locked,benchmark_locked_4_82_a5917f231ed3,1.6661999998177635
4,locked,benchmark_locked_4_83_70d05b59f3ce,1.7789000012271572
4,locked,benchmark_locked_4_84_001d8db18ebb,1.4759000005142298
4,locked,benchmark_locked_4_85_69742138f66b,1.551600000311737
4,locked,benchmark_locked_4_86_432b96f867f1,1.4372000005096197
4,locked,benchmark_locked_4_87_0b17bca74416,1.4866000001347857
4,locked,benchmark_locked_4_88_040ab083bb53,1.617699999769684
4,locked,benchmark_locked_4_89_7078f21f6949,1.4840000003459863
4,locked,benchmark_locked_4_90_3d8030d47258,1.547500000015134
4,locked,benchmark_locked_4_91_025e2243dae6,1.443499999368214
4,locked,benchmark_locked_4_92_735982fe89f1,1.5002000000094995
4,locked,benchmark_locked_4_93_b8241b523566,1.6152999996847939
4,locked,benchmark_locked_4_94_82778eb67815,1.5067000003909925
4,locked,benchmark_locked_4_95_a912196778f4,1.8287000002601417
4,locked,benchmark_locked_4_96_f3c1754e8c36,1.799100000425824
4,locked,benchmark_locked_4_97_ee3fc09b3ad3,1.7076000003726222
4,locked,benchmark_locked_4_98_7da24953b509,1.7895000000862638
4,locked,benchmark_locked_4_99_45b72b01b258,2.2480000006908085
5,locked,benchmark_locked_5_0_3a0e6f6a2967,2.1890000007260824
5,locked,benchmark_locked_5_1_bb7c008b683b,1.8767999990814133
5,locked,benchmark_locked_5_2_8f33e5338d51,2.1259000004647532
5,locked,benchmark_locked_5_3_2576f192fac5,1.8861000007746043
5,locked,benchmark_locked_5_4_0c81be358548,1.9326000001456123
5,locked,benchmark_locked_5_5_f391e83a8b13,2.3092999999789754
5,locked,benchmark_locked_5_6_0c98db5092ad,2.210900000136462
5,locked,benchmark_locked_5_7_b1a33d1e8933,1.8053999992844183
5,locked,benchmark_locked_5_8_a38aec722fb8,1.8652999988262309
5,locked,benchmark_locked_5_9_64fd48c427b7,2.024899999014451
5,locked,benchmark_locked_5_10_563dd6a143e4,1.7638999997870997
5,locked,benchmark_locked_5_11_653821db0a72,1.9314999990456272
5,locked,benchmark_locked_5_12_c5d13114dcc3,1.8384000013611512
5,locked,benchmark_locked_5_13_68feda3fcf5b,1.465999999709311
5,locked,benchmark_locked_5_14_78ebb508ba2a,1.4441000002989313
5,locked,benchmark_locked_5_15_c7555ae60eae,1.514800000222749
5,locked,benchmark_locked_5_16_d781a43276ab,1.595699999597855
5,locked,benchmark_locked_5_17_a2140e53c78a,1.4868999987811549
5,locked,benchmark_locked_5_18_4bcf4119ff0e,1.5662999994674465
5,locked,benchmark_locked_5_19_cd431384a95c,1.5400000011140946
5,locked,benchmark_locked_5_20_0bb5cd5ca46d,1.7794999985198956
5,locked,benchmark_locked_5_21_5c51c3a94cd7,1.5696999998908723
5,locked,benchmark_locked_5_22_8d7aee44b9d0,1.473700000133249
5,locked,benchmark_locked_5_23_a6c9a9085b1a,1.5317000015784288
5,locked,benchmark_locked_5_24_932361c1641b,1.6997000002447749
5,locked,benchmark_locked_5_25_74138c8598d9,1.488699999754317
5,locked,benchmark_locked_5_26_247db6f2a574,1.4807999996264698
5,locked,benchmark_locked_5_27_f737c896a2a7,1.6064999999798601
5,locked,benchmark_locked_5_28_8efae05815ad,1.4740000005986076
5,locked,benchmark_locked_5_29_1525126ee59e,1.5328999998018844
5,locked,benchmark_locked_5_30_39095048d1b7,1.4355999992403667
5,locked,benchmark_locked_5_31_55c2400b6714,1.7365000003337627
5,locked,benchmark_locked_5_32_9a437aeba682,1.4649000004283153
5,locked,benchmark_locked_5_33_9d6ba0cb8cf9,1.4784999984840397
5,locked,benchmark_locked_5_34_919a91e9fac5,1.5074000002641696
5,locked,benchmark_locked_5_35_9f1d1fd59013,1.6315000011672964
5,locked,benchmark_locked_5_36_0f3e1aac2f1b,1.5301000003091758
5,locked,benchmark_locked_5_37_678990e69c05,1.476100000218139
5,locked,benchmark_locked_5_38_36e142322231,1.4625999992858851
5,locked,benchmark_locked_5_39_68e2b2853676,1.7547999996168073
5,locked,benchmark_locked_5_40_c4d39c11b8f6,1.5442000003531575
5,locked,benchmark_locked_5_41_0303c19e60ff,1.479799999287934
5,locked,benchmark_locked_5_42_185d535526f7,1.6011999996408122
5,locked,benchmark_locked_5_43_fb0e27c95c5f,1.593200000570505
5,locked,benchmark_locked_5_44_43ffe0e5a4a5,1.5051999998831889
5,locked,benchmark_locked_5_45_6f4300514bd2,1.6376000003219815
5,locked,benchmark_locked_5_46_0fe353b1058e,2.173499999116757
5,locked,benchmark_locked_5_47_79e53f08f374,2.0029999996040715
5,locked,benchmark_locked_5_48_d7f69f515411,1.60409999989497
5,locked,benchmark_locked_5_49_f77ece7c0439,1.5181999988271855
5,locked,benchmark_locked_5_50_99534aa25167,2.00320000112697
5,locked,benchmark_locked_5_51_47e8c94a1ec1,1.6651999994792277
5,locked,benchmark_locked_5_52_272899c9d177,1.5882999996392755
5,locked,benchmark_locked_5_53_697246f5481d,1.539299999421928
5,locked,benchmark_locked_5_54_ebcbb5b8d848,1.862799999798881
5,locked,benchmark_locked_5_55_9d119a910bfd,1.514800000222749
5,locked,benchmark_locked_5_56_8eb4893ecab1,1.568300000144518
5,locked,benchmark_locked_5_57_0c0011860c77,1.630200000363402
5,locked,benchmark_locked_5_58_73449113a324,1.6381999994337093
5,locked,benchmark_locked_5_59_e0220b01fcad,1.4863000014884165
5,locked,benchmark_locked_5_60_b53100865361,1.616400000784779
5,locked,benchmark_locked_5_61_0acecf04fe8f,2.733200000875513
5,locked,benchmark_locked_5_62_2897b9783a31,1.5381000011984725
5,locked,benchmark_locked_5_63_a35aa754bd46,1.5917000000627013
5,locked,benchmark_locked_5_64_53ced5245136,1.8947000007756287
5,locked,benchmark_locked_5_65_b0665b5cba5a,2.025399999183719
5,locked,benchmark_locked_5_66_c6952559ffb7,1.479799999287934
5,locked,benchmark_locked_5_67_5ec05a81e4cf,1.9553000001906184
5,locked,benchmark_locked_5_68_38202b413266,1.6524000002391404
5,locked,benchmark_locked_5_69_67319109e770,2.220899999883841
5,locked,benchmark_locked_5_70_bb76881c9f0a,2.4198000010073883
5,locked,benchmark_locked_5_71_b47bffb91682,1.9530000008671777
5,locked,benchmark_locked_5_72_ca24e0dbc63f,2.875500000300235
5,locked,benchmark_locked_5_73_e08b3759438d,1.6036999986681622
5,locked,benchmark_locked_5_74_0da53cf28acd,1.9434000005276175
5,locked,benchmark_locked_5_75_5c606bdd4cc8,2.0927000005031005
5,locked,benchmark_locked_5_76_22e041185e83,2.5781000003917143
5,locked,benchmark_locked_5_77_f6586a0c8ace,1.7414000012649922
5,locked,benchmark_locked_5_78_cb32aab89eb6,1.9971999990957556
5,locked,benchmark_locked_5_79_3ebd94d9dd60,1.9446999995125225
5,locked,benchmark_locked_5_80_10d696b0afd5,1.9164000004820991
5,locked,benchmark_locked_5_81_98d84ae3a745,1.9879000010405434
5,locked,benchmark_locked_5_82_8a7388d40b77,2.026200001637335
5,locked,benchmark_locked_5_83_6d62f5415ca0,2.4174999998649582
5,locked,benchmark_locked_5_84_ad6121efa3ca,2.06860000071174
5,locked,benchmark_locked_5_85_fa406733fb4c,2.099199999065604
5,locked,benchmark_locked_5_86_ad5a468a899c,1.8854000009014271
5,locked,benchmark_locked_5_87_7fe650591226,2.510700000129873
5,locked,benchmark_locked_5_88_e8a23c450bfc,2.359799998885137
5,locked,benchmark_locked_5_89_a84b00c49ff8,1.8250000011903467
5,locked,benchmark_locked_5_90_f5a8e76307c7,1.9869999996444676
5,locked,benchmark_locked_5_91_2f819608ec5f,1.9052999996347353
5,locked,benchmark_locked_5_92_8e6ec2b35b2c,1.8927000000985572
5,locked,benchmark_locked_5_93_db4c78e6ee9f,2.469500001097913
5,locked,benchmark_locked_5_94_de509904147b,1.8761999999696855
5,locked,benchmark_locked_5_95_ed9b3e36060c,1.7518000004201895
5,locked,benchmark_locked_5_96_304df32969d5,1.978899999812711
5,locked,benchmark_locked_5_97_013d58bde904,2.1374999996623956
5,locked,benchmark_locked_5_98_1f1a83d5a9a4,1.8649000012374017
5,locked,benchmark_locked_5_99_857890ff0e7d,1.9221000002289657
5,no_lock,benchmark_no_lock_5_0_1350bdd5035a,2.6164999999309657
5,no_lock,benchmark_no_lock_5_1_b93f77be72bd,2.5556000000506174
5,no_lock,benchmark_no_lock_5_2_27f44bad08c1,3.7224000006972346
5,no_lock,benchmark_no_lock_5_3_c05e914ad656,2.6128999998036306
5,no_lock,benchmark_no_lock_5_4_eae66dd51f0b,2.3681000002397923
5,no_lock,benchmark_no_lock_5_5_20aa69c10554,1.983099999051774
5,no_lock,benchmark_no_lock_5_6_4751c2faceb0,2.8348999985610135
5,no_lock,benchmark_no_lock_5_7_f7c6ce673d7a,2.437300001474796
5,no_lock,benchmark_no_lock_5_8_ab9add8bd015,2.0275999995647
5,no_lock,benchmark_no_lock_5_9_042b4ebad8a3,2.5480999993305886
5,no_lock,benchmark_no_lock_5_10_a7afa6dec5e0,2.3497999991377583
5,no_lock,benchmark_no_lock_5_11_9606faecaa86,2.958799999760231
5,no_lock,benchmark_no_lock_5_12_93a4666370d6,2.7628999996522907
5,no_lock,benchmark_no_lock_5_13_40921d7e152b,3.3629999998083804
5,no_lock,benchmark_no_lock_5_14_1bac150ffebb,2.7937999984715134
5,no_lock,benchmark_no_lock_5_15_53b797f6e346,2.2291000004770467
5,no_lock,benchmark_no_lock_5_16_bad19b535881,2.8377999988151714
5,no_lock,benchmark_no_lock_5_17_512aac5465ac,2.2069999995437684
5,no_lock,benchmark_no_lock_5_18_5e4a8fd5dabc,1.8125999995390885
5,no_lock,benchmark_no_lock_5_19_0da2b770ba2e,1.8629999995027902
5,no_lock,benchmark_no_lock_5_20_ce9cd01e441b,1.8049999998765998
5,no_lock,benchmark_no_lock_5_21_caf21774cec3,2.335999999559135
5,no_lock,benchmark_no_lock_5_22_f3d00aa7757a,1.7818000014813151
5,no_lock,benchmark_no_lock_5_23_1ac7f4a0e252,1.7735999990691198
5,no_lock,benchmark_no_lock_5_24_d07581dd9ccc,1.8166000008932315
5,no_lock,benchmark_no_lock_5_25_b82073417837,1.8804000010277377
5,no_lock,benchmark_no_lock_5_26_8c1da630b50f,1.9926999993913341
5,no_lock,benchmark_no_lock_5_27_f63d2e0c423a,1.8335000004299218
5,no_lock,benchmark_no_lock_5_28_4c98cbb3c1dc,1.842699999542674
5,no_lock,benchmark_no_lock_5_29_d24d2bb28317,1.8163000004278729
5,no_lock,benchmark_no_lock_5_30_3964e54ec808,3.503899999486748
5,no_lock,benchmark_no_lock_5_31_4ed547b8be9f,2.0428000007086666
5,no_lock,benchmark_no_lock_5_32_d29c3b699078,1.8108999993273756
5,no_lock,benchmark_no_lock_5_33_e4c57de810f6,1.862799999798881
5,no_lock,benchmark_no_lock_5_34_601a26debf43,2.4534000003768597
5,no_lock,benchmark_no_lock_5_35_9cd599aa557d,1.8946999989566393
5,no_lock,benchmark_no_lock_5_36_30999a0df272,1.9123000001854962
5,no_lock,benchmark_no_lock_5_37_48ecd43e306b,1.7914999989443459
5,no_lock,benchmark_no_lock_5_38_82ed4472dd9a,1.9400000001041917
5,no_lock,benchmark_no_lock_5_39_55386ad0c9ec,2.2081000006437534
5,no_lock,benchmark_no_lock_5_40_01c1d890c9e0,1.8439000014041085
5,no_lock,benchmark_no_lock_5_41_25a64509ad58,1.8066000011458527
5,no_lock,benchmark_no_lock_5_42_b9c4f5df7cf2,1.7890999988594558
5,no_lock,benchmark_no_lock_5_43_81c2e9bcc787,2.024199999141274
5,no_lock,benchmark_no_lock_5_44_7efccb76609a,2.318099999683909
5,no_lock,benchmark_no_lock_5_45_32a20df7dfe5,1.871200000095996
5,no_lock,benchmark_no_lock_5_46_c51fd76a9f42,1.7682999987300718
5,no_lock,benchmark_no_lock_5_47_39c14825e9c0,1.7886999994516373
5,no_lock,benchmark_no_lock_5_48_d42335c8ecca,1.8147000009776093
5,no_lock,benchmark_no_lock_5_49_3367f8147cad,2.0138999989285367
5,no_lock,benchmark_no_lock_5_50_9d05f616167a,1.9274999995104736
5,no_lock,benchmark_no_lock_5_51_f00ece4e8946,1.810400000977097
5,no_lock,benchmark_no_lock_5_52_8ad972347f50,2.3068999998940853
5,no_lock,benchmark_no_lock_5_53_d459e673125e,2.30089999968186
5,no_lock,benchmark_no_lock_5_54_a23e64035ce8,2.0850999990216224
5,no_lock,benchmark_no_lock_5_55_096148030918,1.9563000005291542
5,no_lock,benchmark_no_lock_5_56_3e77044e5614,2.32990000040445
5,no_lock,benchmark_no_lock_5_57_34f0741eda5d,1.8553999998403015
5,no_lock,benchmark_no_lock_5_58_07cb8bb36f5c,2.3266999996849336
5,no_lock,benchmark_no_lock_5_59_e8ab89df6fc0,1.8421000004309462
5,no_lock,benchmark_no_lock_5_60_7dad2cddb0cd,2.0813000010093674
5,no_lock,benchmark_no_lock_5_61_d8c7932213a5,1.8120999993698206
5,no_lock,benchmark_no_lock_5_62_03de97df8c6c,2.458999999362277
5,no_lock,benchmark_no_lock_5_63_654fe32bb043,1.7790000001696171
5,no_lock,benchmark_no_lock_5_64_5e6296a17250,1.832400001148926
5,no_lock,benchmark_no_lock_5_65_56ba957b8af5,2.0105000003241003
5,no_lock,benchmark_no_lock_5_66_f510ff074d06,1.814100000046892
5,no_lock,benchmark_no_lock_5_67_8c6ccf82fb99,2.2294000009424053
5,no_lock,benchmark_no_lock_5_68_8f77be69aaae,1.7704000001685927
5,no_lock,benchmark_no_lock_5_69_8ee571817365,2.349599999433849
5,no_lock,benchmark_no_lock_5_70_a80c7cb0de8b,1.7760999999154592
5,no_lock,benchmark_no_lock_5_71_4ca85c2ae97a,2.031100000749575
5,no_lock,benchmark_no_lock_5_72_44e1ee78bd9e,1.8279000014445046
5,no_lock,benchmark_no_lock_5_73_0cb2c2931018,2.2202999989531236
5,no_lock,benchmark_no_lock_5_74_db4cc2298399,1.8453000011504628
5,no_lock,benchmark_no_lock_5_75_47f103d900d9,1.998900001126458
5,no_lock,benchmark_no_lock_5_76_c10ae06b2277,2.309100000275066
5,no_lock,benchmark_no_lock_5_77_496ead5bcf1c,1.8249999993713573
5,no_lock,benchmark_no_lock_5_78_c6c40a80af3d,1.8588999992061872
5,no_lock,benchmark_no_lock_5_79_7aa9b18f8072,1.8241999987367308
5,no_lock,benchmark_no_lock_5_80_0c7a0eb4686d,1.7643000010139076
5,no_lock,benchmark_no_lock_5_81_00f1533ec291,1.9212000006518792
5,no_lock,benchmark_no_lock_5_82_42eb802460e9,2.101599999150494
5,no_lock,benchmark_no_lock_5_83_c17877782970,1.8614000000525266
5,no_lock,benchmark_no_lock_5_84_0426126c4f7b,2.6871999998547835
5,no_lock,benchmark_no_lock_5_85_1ece3d85a0c6,2.1111999994900543
5,no_lock,benchmark_no_lock_5_86_7e0999797dfe,2.163999999538646
5,no_lock,benchmark_no_lock_5_87_f69a595441b4,2.058799998849281
5,no_lock,benchmark_no_lock_5_88_8ccb9b06ab93,1.8938000011985423
5,no_lock,benchmark_no_lock_5_89_df0f7c6632f3,3.241399999751593
5,no_lock,benchmark_no_lock_5_90_c97881ea8b53,2.2700999998050975
5,no_lock,benchmark_no_lock_5_91_b2aa2319b81a,1.9914000004064292
5,no_lock,benchmark_no_lock_5_92_870dbe86f544,2.126299999872572
5,no_lock,benchmark_no_lock_5_93_00692727bb81,2.6588999990053708
5,no_lock,benchmark_no_lock_5_94_ecd2f2d0d4b8,3.0583999996451894
5,no_lock,benchmark_no_lock_5_95_133693f914e6,2.1606999998766696
5,no_lock,benchmark_no_lock_5_96_48c002a2fdeb,1.9209000001865206
5,no_lock,benchmark_no_lock_5_97_bce28406aff7,3.3433999997214414
5,no_lock,benchmark_no_lock_5_98_bbe4e74ccd13,1.9256000014138408
5,no_lock,benchmark_no_lock_5_99_d0ae6ec27775,2.1993000009388197
